timestamp_lectura_csv,zona_aeropuerto,personas_medicion_anterior,personas_medicion_actual,minutos_entre_mediciones,cabinas_baseline,cabinas_recomendado,weather_condition,tiempo_atmosferico,weather_risk_score,weather_delay_multiplier,recommended_extra_boarding_buffer_minutes,boarding_adjusted_pressure_recomendado,boarding_weather_risk_level_recomendado,espera_pasajero_nuevo_baseline_min,espera_pasajero_nuevo_recomendado_min,mejora_espera_pasajero_nuevo_min,mejora_espera_pasajero_nuevo_porcentaje,tiempo_total_pasajero_nuevo_baseline_min,tiempo_total_pasajero_nuevo_recomendado_min,mejora_tiempo_total_min,mejora_tiempo_total_porcentaje,utilizacion_baseline_porcentaje,utilizacion_recomendado_porcentaje,personas_predichas_10min_baseline,personas_predichas_10min_recomendado,mejora_personas_predichas_10min,accion_baseline,accion_recomendada,mensaje_recomendacion
2026-05-16 11:24:18,checkin,7,7,1.0,4,4,normal,Normal,0.18,1.03,1,0.0,Unknown,2.62,2.62,0.0,0.0,6.12,6.12,0.0,0.0,100.0,100.0,7.0,7.0,0.0,CRITICO,CRITICO,Sistema inestable: llegan 1.14 pax/min y la capacidad actual es 1.14 pax/min. Abrir hasta 5 cabina(s).
2026-05-16 11:24:18,bagdrop,3,2,1.0,2,2,normal,Normal,0.18,1.03,1,0.0,Unknown,0.0,0.0,0.0,0.0,2.0,2.0,0.0,0.0,0.0,0.0,0.0,0.0,0.0,CERRAR,CERRAR,Cerrar 1 cabina(s) (2 -> 1). Espera baja: 0.0 min.
2026-05-16 11:24:18,seguridad,10,11,1.0,2,2,normal,Normal,0.18,1.03,1,0.0,Unknown,5.4,5.4,0.0,0.0,6.6,6.6,0.0,0.0,100.0,100.0,21.0,21.0,0.0,CRITICO,CRITICO,Sistema inestable: llegan 2.67 pax/min y la capacidad actual es 1.67 pax/min. Abrir hasta 4 cabina(s).
2026-05-16 11:24:18,pasaportes,3,3,1.0,2,2,normal,Normal,0.18,1.03,1,0.0,Unknown,1.0,1.0,0.0,0.0,3.0,3.0,0.0,0.0,100.0,100.0,3.0,3.0,0.0,CRITICO,CRITICO,Sistema inestable: llegan 1.00 pax/min y la capacidad actual es 1.00 pax/min. Abrir hasta 3 cabina(s).
2026-05-16 11:24:18,embarque,3,1,1.0,2,2,normal,Normal,0.18,1.03,1,0.01,Low,0.0,0.0,0.0,0.0,0.5,0.5,0.0,0.0,50.0,50.0,0.0,0.0,0.0,OK,OK,Operación correcta con 2 cabina(s). Espera de pasajero nuevo ahora: 0.0 min.
2026-05-16 11:25:18,checkin,7,7,1.0,4,5,normal,Normal,0.18,1.03,1,0.0,Unknown,2.62,1.4,1.22,46.67,6.12,4.9,1.22,20.0,100.0,100.0,7.0,7.0,0.0,CRITICO,CRITICO,Sistema inestable: llegan 1.43 pax/min y la capacidad actual es 1.43 pax/min. Abrir hasta 6 cabina(s).
2026-05-16 11:25:18,bagdrop,2,2,1.0,2,1,normal,Normal,0.18,1.03,1,0.0,Unknown,0.0,2.0,-2.0,0.0,2.0,4.0,-2.0,-100.0,100.0,100.0,2.0,2.0,0.0,CRITICO,CRITICO,Sistema inestable: llegan 0.50 pax/min y la capacidad actual es 0.50 pax/min. Abrir hasta 2 cabina(s).
2026-05-16 11:25:18,seguridad,11,11,1.0,2,4,normal,Normal,0.18,1.03,1,0.0,Unknown,5.4,2.1,3.3,61.11,6.6,3.3,3.3,50.0,100.0,100.0,11.0,11.0,0.0,CRITICO,CRITICO,Sistema inestable: llegan 3.33 pax/min y la capacidad actual es 3.33 pax/min. Abrir hasta 5 cabina(s).
2026-05-16 11:25:18,pasaportes,3,2,1.0,2,3,normal,Normal,0.18,1.03,1,0.0,Unknown,0.0,0.0,0.0,0.0,2.0,2.0,0.0,0.0,0.0,33.33,0.0,0.0,0.0,CERRAR,CERRAR,Cerrar 1 cabina(s) (3 -> 2). Espera baja: 0.0 min.
2026-05-16 11:25:18,embarque,1,0,1.0,2,2,normal,Normal,0.18,1.03,1,0.0,Low,0.0,0.0,0.0,0.0,0.5,0.5,0.0,0.0,75.0,75.0,0.0,0.0,0.0,OK,OK,Operación correcta con 2 cabina(s). Espera de pasajero nuevo ahora: 0.0 min.
2026-05-16 11:26:18,checkin,7,6,1.0,4,6,normal,Normal,0.18,1.03,1,0.0,Unknown,1.75,0.0,1.75,100.0,5.25,3.5,1.75,33.33,12.5,41.67,0.0,0.0,0.0,OK,CERRAR,Cerrar 3 cabina(s) (6 -> 3). Espera baja: 0.0 min.
2026-05-16 11:26:18,bagdrop,2,2,1.0,2,2,normal,Normal,0.18,1.03,1,0.0,Unknown,0.0,0.0,0.0,0.0,2.0,2.0,0.0,0.0,100.0,100.0,2.0,2.0,0.0,CRITICO,CRITICO,Sistema inestable: llegan 1.00 pax/min y la capacidad actual es 1.00 pax/min. Abrir hasta 3 cabina(s).
2026-05-16 11:26:18,seguridad,11,12,1.0,2,5,normal,Normal,0.18,1.03,1,0.0,Unknown,6.0,1.68,4.32,72.0,7.2,2.88,4.32,60.0,100.0,100.0,22.0,22.0,0.0,CRITICO,CRITICO,Sistema inestable: llegan 5.17 pax/min y la capacidad actual es 4.17 pax/min. Abrir hasta 6 cabina(s).
2026-05-16 11:26:18,pasaportes,2,2,1.0,2,2,normal,Normal,0.18,1.03,1,0.0,Unknown,0.0,0.0,0.0,0.0,2.0,2.0,0.0,0.0,100.0,100.0,2.0,2.0,0.0,CRITICO,CRITICO,Sistema inestable: llegan 1.00 pax/min y la capacidad actual es 1.00 pax/min. Abrir hasta 3 cabina(s).
2026-05-16 11:26:18,embarque,0,0,1.0,2,2,normal,Normal,0.18,1.03,1,0.0,Low,0.0,0.0,0.0,0.0,0.5,0.5,0.0,0.0,100.0,100.0,0.0,0.0,0.0,CRITICO,CRITICO,Sistema inestable: llegan 4.00 pax/min y la capacidad actual es 4.00 pax/min. Abrir hasta 3 cabina(s).
2026-05-16 11:27:18,checkin,6,6,1.0,4,3,normal,Normal,0.18,1.03,1,0.0,Unknown,1.75,3.5,-1.75,-100.0,5.25,7.0,-1.75,-33.33,100.0,100.0,6.0,6.0,0.0,CRITICO,CRITICO,Sistema inestable: llegan 0.86 pax/min y la capacidad actual es 0.86 pax/min. Abrir hasta 4 cabina(s).
2026-05-16 11:27:18,bagdrop,2,2,1.0,2,3,normal,Normal,0.18,1.03,1,0.0,Unknown,0.0,0.0,0.0,0.0,2.0,2.0,0.0,0.0,100.0,100.0,2.0,2.0,0.0,CRITICO,CRITICO,Sistema inestable: llegan 1.50 pax/min y la capacidad actual es 1.50 pax/min. Abrir hasta 4 cabina(s).
2026-05-16 11:27:18,seguridad,12,14,1.0,2,6,normal,Normal,0.18,1.03,1,0.0,Unknown,7.2,1.6,5.6,77.78,8.4,2.8,5.6,66.67,100.0,100.0,34.0,34.0,0.0,CRITICO,CRITICO,Sistema inestable: llegan 7.00 pax/min y la capacidad actual es 5.00 pax/min. Abrir hasta 6 cabina(s).
2026-05-16 11:27:18,pasaportes,2,1,1.0,2,3,normal,Normal,0.18,1.03,1,0.0,Unknown,0.0,0.0,0.0,0.0,2.0,2.0,0.0,0.0,0.0,33.33,0.0,0.0,0.0,CERRAR,CERRAR,Cerrar 1 cabina(s) (3 -> 2). Espera baja: 0.0 min.
2026-05-16 11:27:18,embarque,0,0,1.0,2,3,normal,Normal,0.18,1.03,1,0.0,Low,0.0,0.0,0.0,0.0,0.5,0.5,0.0,0.0,100.0,100.0,0.0,0.0,0.0,CRITICO,CRITICO,Sistema inestable: llegan 6.00 pax/min y la capacidad actual es 6.00 pax/min. Abrir hasta 4 cabina(s).
2026-05-16 11:28:18,checkin,6,5,1.0,4,4,wind,Viento,0.58,1.39,13,0.0,Unknown,0.88,0.88,0.0,0.0,4.38,4.38,0.0,0.0,12.5,12.5,0.0,0.0,0.0,CERRAR,CERRAR,Cerrar 1 cabina(s) (4 -> 3). Espera baja: 0.9 min.
2026-05-16 11:28:18,bagdrop,2,2,1.0,2,4,wind,Viento,0.58,1.39,13,0.0,Unknown,0.0,0.0,0.0,0.0,2.0,2.0,0.0,0.0,100.0,100.0,2.0,2.0,0.0,CRITICO,CRITICO,Sistema inestable: llegan 2.00 pax/min y la capacidad actual es 2.00 pax/min. Abrir hasta 5 cabina(s).
2026-05-16 11:28:18,seguridad,14,15,1.0,2,6,wind,Viento,0.58,1.39,13,0.0,Unknown,7.8,1.8,6.0,76.92,9.0,3.0,6.0,66.67,100.0,100.0,25.0,25.0,0.0,CRITICO,CRITICO,Sistema inestable: llegan 6.00 pax/min y la capacidad actual es 5.00 pax/min. Abrir hasta 6 cabina(s).
2026-05-16 11:28:18,pasaportes,1,0,1.0,2,2,wind,Viento,0.58,1.39,13,0.0,Unknown,0.0,0.0,0.0,0.0,2.0,2.0,0.0,0.0,0.0,0.0,0.0,0.0,0.0,CERRAR,CERRAR,Cerrar 1 cabina(s) (2 -> 1). Espera baja: 0.0 min.
2026-05-16 11:28:18,embarque,0,0,1.0,2,4,wind,Viento,0.58,1.39,13,0.0,Low,0.0,0.0,0.0,0.0,0.5,0.5,0.0,0.0,100.0,100.0,0.0,0.0,0.0,CRITICO,CRITICO,Sistema inestable: llegan 8.00 pax/min y la capacidad actual es 8.00 pax/min. Abrir hasta 4 cabina(s).
2026-05-16 11:29:18,checkin,5,5,1.0,4,3,wind,Viento,0.58,1.39,13,0.0,Unknown,0.88,2.33,-1.46,-166.67,4.38,5.83,-1.46,-33.33,100.0,100.0,5.0,5.0,0.0,CRITICO,CRITICO,Sistema inestable: llegan 0.86 pax/min y la capacidad actual es 0.86 pax/min. Abrir hasta 4 cabina(s).
2026-05-16 11:29:18,bagdrop,2,2,1.0,2,5,wind,Viento,0.58,1.39,13,0.0,Unknown,0.0,0.0,0.0,0.0,2.0,2.0,0.0,0.0,100.0,100.0,2.0,2.0,0.0,CRITICO,CRITICO,Sistema inestable: llegan 2.50 pax/min y la capacidad actual es 2.50 pax/min. Abrir hasta 6 cabina(s).
2026-05-16 11:29:18,seguridad,15,18,1.0,2,6,wind,Viento,0.58,1.39,13,0.0,Unknown,9.6,2.4,7.2,75.0,10.8,3.6,7.2,66.67,100.0,100.0,48.0,48.0,0.0,CRITICO,CRITICO,Sistema inestable: llegan 8.00 pax/min y la capacidad actual es 5.00 pax/min. Abrir hasta 6 cabina(s).
2026-05-16 11:29:18,pasaportes,0,0,1.0,2,1,wind,Viento,0.58,1.39,13,0.0,Unknown,0.0,0.0,0.0,0.0,2.0,2.0,0.0,0.0,100.0,100.0,0.0,0.0,0.0,CRITICO,CRITICO,Sistema inestable: llegan 0.50 pax/min y la capacidad actual es 0.50 pax/min. Abrir hasta 2 cabina(s).
2026-05-16 11:29:18,embarque,0,0,1.0,2,4,wind,Viento,0.58,1.39,13,0.0,Low,0.0,0.0,0.0,0.0,0.5,0.5,0.0,0.0,100.0,100.0,0.0,0.0,0.0,CRITICO,CRITICO,Sistema inestable: llegan 8.00 pax/min y la capacidad actual es 8.00 pax/min. Abrir hasta 4 cabina(s).
2026-05-16 11:30:18,checkin,5,5,1.0,4,4,wind,Viento,0.58,1.39,13,0.0,Unknown,0.88,0.88,0.0,0.0,4.38,4.38,0.0,0.0,100.0,100.0,5.0,5.0,0.0,CRITICO,CRITICO,Sistema inestable: llegan 1.14 pax/min y la capacidad actual es 1.14 pax/min. Abrir hasta 5 cabina(s).
2026-05-16 11:30:18,bagdrop,2,1,1.0,2,6,wind,Viento,0.58,1.39,13,0.0,Unknown,0.0,0.0,0.0,0.0,2.0,2.0,0.0,0.0,0.0,66.67,0.0,0.0,0.0,CERRAR,CERRAR,Cerrar 1 cabina(s) (6 -> 5). Espera baja: 0.0 min.
2026-05-16 11:30:18,seguridad,18,19,1.0,2,6,wind,Viento,0.58,1.39,13,0.0,Unknown,10.2,2.6,7.6,74.51,11.4,3.8,7.6,66.67,100.0,100.0,29.0,29.0,0.0,CRITICO,CRITICO,Sistema inestable: llegan 6.00 pax/min y la capacidad actual es 5.00 pax/min. Abrir hasta 6 cabina(s).
2026-05-16 11:30:18,pasaportes,0,0,1.0,2,2,wind,Viento,0.58,1.39,13,0.0,Unknown,0.0,0.0,0.0,0.0,2.0,2.0,0.0,0.0,100.0,100.0,0.0,0.0,0.0,CRITICO,CRITICO,Sistema inestable: llegan 1.00 pax/min y la capacidad actual es 1.00 pax/min. Abrir hasta 3 cabina(s).
2026-05-16 11:30:18,embarque,0,0,1.0,2,4,wind,Viento,0.58,1.39,13,0.0,Low,0.0,0.0,0.0,0.0,0.5,0.5,0.0,0.0,100.0,100.0,0.0,0.0,0.0,CRITICO,CRITICO,Sistema inestable: llegan 8.00 pax/min y la capacidad actual es 8.00 pax/min. Abrir hasta 4 cabina(s).
2026-05-16 11:31:18,checkin,5,5,1.0,4,5,wind,Viento,0.58,1.39,13,0.0,Unknown,0.88,0.0,0.88,100.0,4.38,3.5,0.88,20.0,100.0,100.0,5.0,5.0,0.0,CRITICO,CRITICO,Sistema inestable: llegan 1.43 pax/min y la capacidad actual es 1.43 pax/min. Abrir hasta 6 cabina(s).
2026-05-16 11:31:18,bagdrop,1,1,1.0,2,5,wind,Viento,0.58,1.39,13,0.0,Unknown,0.0,0.0,0.0,0.0,2.0,2.0,0.0,0.0,100.0,100.0,1.0,1.0,0.0,CRITICO,CRITICO,Sistema inestable: llegan 2.50 pax/min y la capacidad actual es 2.50 pax/min. Abrir hasta 6 cabina(s).
2026-05-16 11:31:18,seguridad,19,20,1.0,2,6,wind,Viento,0.58,1.39,13,0.0,Unknown,10.8,2.8,8.0,74.07,12.0,4.0,8.0,66.67,100.0,100.0,30.0,30.0,0.0,CRITICO,CRITICO,Sistema inestable: llegan 6.00 pax/min y la capacidad actual es 5.00 pax/min. Abrir hasta 6 cabina(s).
2026-05-16 11:31:18,pasaportes,0,0,1.0,2,3,wind,Viento,0.58,1.39,13,0.0,Unknown,0.0,0.0,0.0,0.0,2.0,2.0,0.0,0.0,100.0,100.0,0.0,0.0,0.0,CRITICO,CRITICO,Sistema inestable: llegan 1.50 pax/min y la capacidad actual es 1.50 pax/min. Abrir hasta 4 cabina(s).
2026-05-16 11:31:18,embarque,0,0,1.0,2,4,wind,Viento,0.58,1.39,13,0.0,Low,0.0,0.0,0.0,0.0,0.5,0.5,0.0,0.0,100.0,100.0,0.0,0.0,0.0,CRITICO,CRITICO,Sistema inestable: llegan 8.00 pax/min y la capacidad actual es 8.00 pax/min. Abrir hasta 4 cabina(s).
2026-05-16 11:32:18,checkin,5,5,1.0,4,6,wind,Viento,0.58,1.39,13,0.0,Unknown,0.88,0.0,0.88,100.0,4.38,3.5,0.88,20.0,100.0,100.0,5.0,5.0,0.0,CRITICO,CRITICO,Sistema inestable: llegan 1.71 pax/min y la capacidad actual es 1.71 pax/min. Abrir hasta 7 cabina(s).
2026-05-16 11:32:18,bagdrop,1,1,1.0,2,6,wind,Viento,0.58,1.39,13,0.0,Unknown,0.0,0.0,0.0,0.0,2.0,2.0,0.0,0.0,100.0,100.0,1.0,1.0,0.0,CRITICO,CRITICO,Sistema inestable: llegan 3.00 pax/min y la capacidad actual es 3.00 pax/min. Abrir hasta 7 cabina(s).
2026-05-16 11:32:18,seguridad,20,23,1.0,2,6,wind,Viento,0.58,1.39,13,0.0,Unknown,12.6,3.4,9.2,73.02,13.8,4.6,9.2,66.67,100.0,100.0,53.0,53.0,0.0,CRITICO,CRITICO,Sistema inestable: llegan 8.00 pax/min y la capacidad actual es 5.00 pax/min. Abrir hasta 6 cabina(s).
2026-05-16 11:32:18,pasaportes,0,0,1.0,2,4,wind,Viento,0.58,1.39,13,0.0,Unknown,0.0,0.0,0.0,0.0,2.0,2.0,0.0,0.0,100.0,100.0,0.0,0.0,0.0,CRITICO,CRITICO,Sistema inestable: llegan 2.00 pax/min y la capacidad actual es 2.00 pax/min. Abrir hasta 5 cabina(s).
2026-05-16 11:32:18,embarque,0,0,1.0,2,4,wind,Viento,0.58,1.39,13,0.0,Low,0.0,0.0,0.0,0.0,0.5,0.5,0.0,0.0,100.0,100.0,0.0,0.0,0.0,CRITICO,CRITICO,Sistema inestable: llegan 8.00 pax/min y la capacidad actual es 8.00 pax/min. Abrir hasta 4 cabina(s).
2026-05-16 11:33:18,checkin,5,6,1.0,4,7,wind,Viento,0.58,1.39,13,0.0,Unknown,1.75,0.0,1.75,100.0,5.25,3.5,1.75,33.33,100.0,100.0,16.0,16.0,0.0,CRITICO,CRITICO,Sistema inestable: llegan 3.00 pax/min y la capacidad actual es 2.00 pax/min. Abrir hasta 12 cabina(s).
2026-05-16 11:33:18,bagdrop,1,1,1.0,2,7,wind,Viento,0.58,1.39,13,0.0,Unknown,0.0,0.0,0.0,0.0,2.0,2.0,0.0,0.0,100.0,100.0,1.0,1.0,0.0,CRITICO,CRITICO,Sistema inestable: llegan 3.50 pax/min y la capacidad actual es 3.50 pax/min. Abrir hasta 8 cabina(s).
2026-05-16 11:33:18,seguridad,23,25,1.0,2,6,wind,Viento,0.58,1.39,13,0.0,Unknown,13.8,3.8,10.0,72.46,15.0,5.0,10.0,66.67,100.0,100.0,45.0,45.0,0.0,CRITICO,CRITICO,Sistema inestable: llegan 7.00 pax/min y la capacidad actual es 5.00 pax/min. Abrir hasta 6 cabina(s).
2026-05-16 11:33:18,pasaportes,0,0,1.0,2,5,wind,Viento,0.58,1.39,13,0.0,Unknown,0.0,0.0,0.0,0.0,2.0,2.0,0.0,0.0,100.0,100.0,0.0,0.0,0.0,CRITICO,CRITICO,Sistema inestable: llegan 2.50 pax/min y la capacidad actual es 2.50 pax/min. Abrir hasta 6 cabina(s).
2026-05-16 11:33:18,embarque,0,0,1.0,2,4,wind,Viento,0.58,1.39,13,0.0,Low,0.0,0.0,0.0,0.0,0.5,0.5,0.0,0.0,100.0,100.0,0.0,0.0,0.0,CRITICO,CRITICO,Sistema inestable: llegan 8.00 pax/min y la capacidad actual es 8.00 pax/min. Abrir hasta 4 cabina(s).
2026-05-16 11:34:18,checkin,6,6,1.0,4,12,wind,Viento,0.58,1.39,13,0.0,Unknown,1.75,0.0,1.75,100.0,5.25,3.5,1.75,33.33,100.0,100.0,6.0,6.0,0.0,CRITICO,CRITICO,Sistema inestable: llegan 3.43 pax/min y la capacidad actual es 3.43 pax/min. Abrir hasta 12 cabina(s).
2026-05-16 11:34:18,bagdrop,1,2,1.0,2,8,wind,Viento,0.58,1.39,13,0.0,Unknown,0.0,0.0,0.0,0.0,2.0,2.0,0.0,0.0,100.0,100.0,12.0,12.0,0.0,CRITICO,CRITICO,Sistema inestable: llegan 5.00 pax/min y la capacidad actual es 4.00 pax/min. Abrir hasta 8 cabina(s).
2026-05-16 11:34:18,seguridad,25,26,1.0,2,6,wind,Viento,0.58,1.39,13,0.0,Unknown,14.4,4.0,10.4,72.22,15.6,5.2,10.4,66.67,100.0,100.0,36.0,36.0,0.0,CRITICO,CRITICO,Sistema inestable: llegan 6.00 pax/min y la capacidad actual es 5.00 pax/min. Abrir hasta 6 cabina(s).
2026-05-16 11:34:18,pasaportes,0,0,1.0,2,6,wind,Viento,0.58,1.39,13,0.0,Unknown,0.0,0.0,0.0,0.0,2.0,2.0,0.0,0.0,100.0,100.0,0.0,0.0,0.0,CRITICO,CRITICO,Sistema inestable: llegan 3.00 pax/min y la capacidad actual es 3.00 pax/min. Abrir hasta 7 cabina(s).
2026-05-16 11:34:18,embarque,0,0,1.0,2,4,wind,Viento,0.58,1.39,13,0.0,Low,0.0,0.0,0.0,0.0,0.5,0.5,0.0,0.0,100.0,100.0,0.0,0.0,0.0,CRITICO,CRITICO,Sistema inestable: llegan 8.00 pax/min y la capacidad actual es 8.00 pax/min. Abrir hasta 4 cabina(s).
2026-05-16 11:35:18,checkin,6,7,1.0,4,12,wind,Viento,0.58,1.39,13,0.0,Unknown,2.62,0.0,2.62,100.0,6.12,3.5,2.62,42.86,100.0,100.0,17.0,17.0,-0.0,CRITICO,CRITICO,Sistema inestable: llegan 4.43 pax/min y la capacidad actual es 3.43 pax/min. Abrir hasta 12 cabina(s).
2026-05-16 11:35:18,bagdrop,2,3,1.0,2,8,wind,Viento,0.58,1.39,13,0.0,Unknown,1.0,0.0,1.0,100.0,3.0,2.0,1.0,33.33,100.0,100.0,13.0,13.0,0.0,CRITICO,CRITICO,Sistema inestable: llegan 5.00 pax/min y la capacidad actual es 4.00 pax/min. Abrir hasta 8 cabina(s).
2026-05-16 11:35:18,seguridad,26,29,1.0,2,6,wind,Viento,0.58,1.39,13,0.0,Unknown,16.2,4.6,11.6,71.6,17.4,5.8,11.6,66.67,100.0,100.0,59.0,59.0,0.0,CRITICO,CRITICO,Sistema inestable: llegan 8.00 pax/min y la capacidad actual es 5.00 pax/min. Abrir hasta 6 cabina(s).
2026-05-16 11:35:18,pasaportes,0,0,1.0,2,7,wind,Viento,0.58,1.39,13,0.0,Unknown,0.0,0.0,0.0,0.0,2.0,2.0,0.0,0.0,100.0,100.0,0.0,0.0,0.0,CRITICO,CRITICO,Sistema inestable: llegan 3.50 pax/min y la capacidad actual es 3.50 pax/min. Abrir hasta 8 cabina(s).
2026-05-16 11:35:18,embarque,0,0,1.0,2,4,wind,Viento,0.58,1.39,13,0.0,Low,0.0,0.0,0.0,0.0,0.5,0.5,0.0,0.0,100.0,100.0,0.0,0.0,0.0,CRITICO,CRITICO,Sistema inestable: llegan 8.00 pax/min y la capacidad actual es 8.00 pax/min. Abrir hasta 4 cabina(s).
2026-05-16 11:36:18,checkin,7,7,1.0,4,12,wind,Viento,0.58,1.39,13,0.0,Unknown,2.62,0.0,2.62,100.0,6.12,3.5,2.62,42.86,100.0,100.0,7.0,7.0,0.0,CRITICO,CRITICO,Sistema inestable: llegan 3.43 pax/min y la capacidad actual es 3.43 pax/min. Abrir hasta 12 cabina(s).
2026-05-16 11:36:18,bagdrop,3,4,1.0,2,8,wind,Viento,0.58,1.39,13,0.0,Unknown,2.0,0.0,2.0,100.0,4.0,2.0,2.0,50.0,100.0,100.0,14.0,14.0,0.0,CRITICO,CRITICO,Sistema inestable: llegan 5.00 pax/min y la capacidad actual es 4.00 pax/min. Abrir hasta 8 cabina(s).
2026-05-16 11:36:18,seguridad,29,34,1.0,2,6,wind,Viento,0.58,1.39,13,0.0,Unknown,19.2,5.6,13.6,70.83,20.4,6.8,13.6,66.67,100.0,100.0,84.0,84.0,0.0,CRITICO,CRITICO,Sistema inestable: llegan 10.00 pax/min y la capacidad actual es 5.00 pax/min. Abrir hasta 6 cabina(s).
2026-05-16 11:36:18,pasaportes,0,0,1.0,2,8,wind,Viento,0.58,1.39,13,0.0,Unknown,0.0,0.0,0.0,0.0,2.0,2.0,0.0,0.0,100.0,100.0,0.0,0.0,0.0,CRITICO,CRITICO,Sistema inestable: llegan 4.00 pax/min y la capacidad actual es 4.00 pax/min. Abrir hasta 8 cabina(s).
2026-05-16 11:36:18,embarque,0,0,1.0,2,4,wind,Viento,0.58,1.39,13,0.0,Low,0.0,0.0,0.0,0.0,0.5,0.5,0.0,0.0,100.0,100.0,0.0,0.0,0.0,CRITICO,CRITICO,Sistema inestable: llegan 8.00 pax/min y la capacidad actual es 8.00 pax/min. Abrir hasta 4 cabina(s).
2026-05-16 11:37:18,checkin,7,7,1.0,4,12,wind,Viento,0.58,1.39,13,0.0,Unknown,2.62,0.0,2.62,100.0,6.12,3.5,2.62,42.86,100.0,100.0,7.0,7.0,0.0,CRITICO,CRITICO,Sistema inestable: llegan 3.43 pax/min y la capacidad actual es 3.43 pax/min. Abrir hasta 12 cabina(s).
2026-05-16 11:37:18,bagdrop,4,4,1.0,2,8,wind,Viento,0.58,1.39,13,0.0,Unknown,2.0,0.0,2.0,100.0,4.0,2.0,2.0,50.0,100.0,100.0,4.0,4.0,0.0,CRITICO,CRITICO,Sistema inestable: llegan 4.00 pax/min y la capacidad actual es 4.00 pax/min. Abrir hasta 8 cabina(s).
2026-05-16 11:37:18,seguridad,34,37,1.0,2,6,wind,Viento,0.58,1.39,13,0.0,Unknown,21.0,6.2,14.8,70.48,22.2,7.4,14.8,66.67,100.0,100.0,67.0,67.0,0.0,CRITICO,CRITICO,Sistema inestable: llegan 8.00 pax/min y la capacidad actual es 5.00 pax/min. Abrir hasta 6 cabina(s).
2026-05-16 11:37:18,pasaportes,0,0,1.0,2,8,wind,Viento,0.58,1.39,13,0.0,Unknown,0.0,0.0,0.0,0.0,2.0,2.0,0.0,0.0,100.0,100.0,0.0,0.0,0.0,CRITICO,CRITICO,Sistema inestable: llegan 4.00 pax/min y la capacidad actual es 4.00 pax/min. Abrir hasta 8 cabina(s).
2026-05-16 11:37:18,embarque,0,0,1.0,2,4,wind,Viento,0.58,1.39,13,0.0,Low,0.0,0.0,0.0,0.0,0.5,0.5,0.0,0.0,100.0,100.0,0.0,0.0,0.0,CRITICO,CRITICO,Sistema inestable: llegan 8.00 pax/min y la capacidad actual es 8.00 pax/min. Abrir hasta 4 cabina(s).
2026-05-16 11:38:18,checkin,7,10,1.0,4,12,wind,Viento,0.41,1.42,19,0.0,Unknown,5.25,0.0,5.25,100.0,8.75,3.5,5.25,60.0,100.0,100.0,40.0,40.0,0.0,CRITICO,CRITICO,Sistema inestable: llegan 6.43 pax/min y la capacidad actual es 3.43 pax/min. Abrir hasta 12 cabina(s).
2026-05-16 11:38:18,bagdrop,4,5,1.0,2,8,wind,Viento,0.41,1.42,19,0.0,Unknown,3.0,0.0,3.0,100.0,5.0,2.0,3.0,60.0,100.0,100.0,15.0,15.0,0.0,CRITICO,CRITICO,Sistema inestable: llegan 5.00 pax/min y la capacidad actual es 4.00 pax/min. Abrir hasta 8 cabina(s).
2026-05-16 11:38:18,seguridad,37,41,1.0,2,6,wind,Viento,0.41,1.42,19,0.0,Unknown,23.4,7.0,16.4,70.09,24.6,8.2,16.4,66.67,100.0,100.0,81.0,81.0,0.0,CRITICO,CRITICO,Sistema inestable: llegan 9.00 pax/min y la capacidad actual es 5.00 pax/min. Abrir hasta 6 cabina(s).
2026-05-16 11:38:18,pasaportes,0,0,1.0,2,8,wind,Viento,0.41,1.42,19,0.0,Unknown,0.0,0.0,0.0,0.0,2.0,2.0,0.0,0.0,100.0,100.0,0.0,0.0,0.0,CRITICO,CRITICO,Sistema inestable: llegan 4.00 pax/min y la capacidad actual es 4.00 pax/min. Abrir hasta 8 cabina(s).
2026-05-16 11:38:18,embarque,0,0,1.0,2,4,wind,Viento,0.41,1.42,19,0.0,Low,0.0,0.0,0.0,0.0,0.5,0.5,0.0,0.0,100.0,100.0,0.0,0.0,0.0,CRITICO,CRITICO,Sistema inestable: llegan 8.00 pax/min y la capacidad actual es 8.00 pax/min. Abrir hasta 4 cabina(s).
2026-05-16 11:39:18,checkin,10,11,1.0,4,12,wind,Viento,0.41,1.42,19,0.0,Unknown,6.12,0.0,6.12,100.0,9.62,3.5,6.12,63.64,100.0,100.0,21.0,21.0,-0.0,CRITICO,CRITICO,Sistema inestable: llegan 4.43 pax/min y la capacidad actual es 3.43 pax/min. Abrir hasta 12 cabina(s).
2026-05-16 11:39:18,bagdrop,5,7,1.0,2,8,wind,Viento,0.41,1.42,19,0.0,Unknown,5.0,0.0,5.0,100.0,7.0,2.0,5.0,71.43,100.0,100.0,27.0,27.0,0.0,CRITICO,CRITICO,Sistema inestable: llegan 6.00 pax/min y la capacidad actual es 4.00 pax/min. Abrir hasta 8 cabina(s).
2026-05-16 11:39:18,seguridad,41,43,1.0,2,6,wind,Viento,0.41,1.42,19,0.0,Unknown,24.6,7.4,17.2,69.92,25.8,8.6,17.2,66.67,100.0,100.0,63.0,63.0,0.0,CRITICO,CRITICO,Sistema inestable: llegan 7.00 pax/min y la capacidad actual es 5.00 pax/min. Abrir hasta 6 cabina(s).
2026-05-16 11:39:18,pasaportes,0,0,1.0,2,8,wind,Viento,0.41,1.42,19,0.0,Unknown,0.0,0.0,0.0,0.0,2.0,2.0,0.0,0.0,100.0,100.0,0.0,0.0,0.0,CRITICO,CRITICO,Sistema inestable: llegan 4.00 pax/min y la capacidad actual es 4.00 pax/min. Abrir hasta 8 cabina(s).
2026-05-16 11:39:18,embarque,0,0,1.0,2,4,wind,Viento,0.41,1.42,19,0.0,Low,0.0,0.0,0.0,0.0,0.5,0.5,0.0,0.0,100.0,100.0,0.0,0.0,0.0,CRITICO,CRITICO,Sistema inestable: llegan 8.00 pax/min y la capacidad actual es 8.00 pax/min. Abrir hasta 4 cabina(s).
2026-05-16 11:40:18,checkin,11,12,1.0,4,12,wind,Viento,0.41,1.42,19,0.0,Unknown,7.0,0.0,7.0,100.0,10.5,3.5,7.0,66.67,100.0,100.0,22.0,22.0,-0.0,CRITICO,CRITICO,Sistema inestable: llegan 4.43 pax/min y la capacidad actual es 3.43 pax/min. Abrir hasta 12 cabina(s).
2026-05-16 11:40:18,bagdrop,7,8,1.0,2,8,wind,Viento,0.41,1.42,19,0.0,Unknown,6.0,0.0,6.0,100.0,8.0,2.0,6.0,75.0,100.0,100.0,18.0,18.0,0.0,CRITICO,CRITICO,Sistema inestable: llegan 5.00 pax/min y la capacidad actual es 4.00 pax/min. Abrir hasta 8 cabina(s).
2026-05-16 11:40:18,seguridad,43,46,1.0,2,6,wind,Viento,0.41,1.42,19,0.0,Unknown,26.4,8.0,18.4,69.7,27.6,9.2,18.4,66.67,100.0,100.0,76.0,76.0,0.0,CRITICO,CRITICO,Sistema inestable: llegan 8.00 pax/min y la capacidad actual es 5.00 pax/min. Abrir hasta 6 cabina(s).
2026-05-16 11:40:18,pasaportes,0,0,1.0,2,8,wind,Viento,0.41,1.42,19,0.0,Unknown,0.0,0.0,0.0,0.0,2.0,2.0,0.0,0.0,100.0,100.0,0.0,0.0,0.0,CRITICO,CRITICO,Sistema inestable: llegan 4.00 pax/min y la capacidad actual es 4.00 pax/min. Abrir hasta 8 cabina(s).
2026-05-16 11:40:18,embarque,0,0,1.0,2,4,wind,Viento,0.41,1.42,19,0.0,Low,0.0,0.0,0.0,0.0,0.5,0.5,0.0,0.0,100.0,100.0,0.0,0.0,0.0,CRITICO,CRITICO,Sistema inestable: llegan 8.00 pax/min y la capacidad actual es 8.00 pax/min. Abrir hasta 4 cabina(s).
2026-05-16 11:41:18,checkin,12,14,1.0,4,12,wind,Viento,0.41,1.42,19,0.0,Unknown,8.75,0.58,8.17,93.33,12.25,4.08,8.17,66.67,100.0,100.0,34.0,34.0,0.0,CRITICO,CRITICO,Sistema inestable: llegan 5.43 pax/min y la capacidad actual es 3.43 pax/min. Abrir hasta 12 cabina(s).
2026-05-16 11:41:18,bagdrop,8,8,1.0,2,8,wind,Viento,0.41,1.42,19,0.0,Unknown,6.0,0.0,6.0,100.0,8.0,2.0,6.0,75.0,100.0,100.0,8.0,8.0,0.0,CRITICO,CRITICO,Sistema inestable: llegan 4.00 pax/min y la capacidad actual es 4.00 pax/min. Abrir hasta 8 cabina(s).
2026-05-16 11:41:18,seguridad,46,48,1.0,2,6,wind,Viento,0.41,1.42,19,0.0,Unknown,27.6,8.4,19.2,69.57,28.8,9.6,19.2,66.67,100.0,100.0,68.0,68.0,0.0,CRITICO,CRITICO,Sistema inestable: llegan 7.00 pax/min y la capacidad actual es 5.00 pax/min. Abrir hasta 6 cabina(s).
2026-05-16 11:41:18,pasaportes,0,0,1.0,2,8,wind,Viento,0.41,1.42,19,0.0,Unknown,0.0,0.0,0.0,0.0,2.0,2.0,0.0,0.0,100.0,100.0,0.0,0.0,0.0,CRITICO,CRITICO,Sistema inestable: llegan 4.00 pax/min y la capacidad actual es 4.00 pax/min. Abrir hasta 8 cabina(s).
2026-05-16 11:41:18,embarque,0,0,1.0,2,4,wind,Viento,0.41,1.42,19,0.0,Low,0.0,0.0,0.0,0.0,0.5,0.5,0.0,0.0,100.0,100.0,0.0,0.0,0.0,CRITICO,CRITICO,Sistema inestable: llegan 8.00 pax/min y la capacidad actual es 8.00 pax/min. Abrir hasta 4 cabina(s).
2026-05-16 11:42:18,checkin,14,16,1.0,4,12,wind,Viento,0.41,1.42,19,0.0,Unknown,10.5,1.17,9.33,88.89,14.0,4.67,9.33,66.67,100.0,100.0,36.0,36.0,0.0,CRITICO,CRITICO,Sistema inestable: llegan 5.43 pax/min y la capacidad actual es 3.43 pax/min. Abrir hasta 12 cabina(s).
2026-05-16 11:42:18,bagdrop,8,9,1.0,2,8,wind,Viento,0.41,1.42,19,0.0,Unknown,7.0,0.25,6.75,96.43,9.0,2.25,6.75,75.0,100.0,100.0,19.0,19.0,0.0,CRITICO,CRITICO,Sistema inestable: llegan 5.00 pax/min y la capacidad actual es 4.00 pax/min. Abrir hasta 8 cabina(s).
2026-05-16 11:42:18,seguridad,48,52,1.0,2,6,wind,Viento,0.41,1.42,19,0.0,Unknown,30.0,9.2,20.8,69.33,31.2,10.4,20.8,66.67,100.0,100.0,92.0,92.0,0.0,CRITICO,CRITICO,Sistema inestable: llegan 9.00 pax/min y la capacidad actual es 5.00 pax/min. Abrir hasta 6 cabina(s).
2026-05-16 11:42:18,pasaportes,0,0,1.0,2,8,wind,Viento,0.41,1.42,19,0.0,Unknown,0.0,0.0,0.0,0.0,2.0,2.0,0.0,0.0,100.0,100.0,0.0,0.0,0.0,CRITICO,CRITICO,Sistema inestable: llegan 4.00 pax/min y la capacidad actual es 4.00 pax/min. Abrir hasta 8 cabina(s).
2026-05-16 11:42:18,embarque,0,0,1.0,2,4,wind,Viento,0.41,1.42,19,0.0,Low,0.0,0.0,0.0,0.0,0.5,0.5,0.0,0.0,100.0,100.0,0.0,0.0,0.0,CRITICO,CRITICO,Sistema inestable: llegan 8.00 pax/min y la capacidad actual es 8.00 pax/min. Abrir hasta 4 cabina(s).
2026-05-16 11:43:18,checkin,16,17,1.0,4,12,normal,Normal,0.03,1.1,0,0.0,Unknown,11.38,1.46,9.92,87.18,14.88,4.96,9.92,66.67,100.0,100.0,27.0,27.0,-0.0,CRITICO,CRITICO,Sistema inestable: llegan 4.43 pax/min y la capacidad actual es 3.43 pax/min. Abrir hasta 12 cabina(s).
2026-05-16 11:43:18,bagdrop,9,9,1.0,2,8,normal,Normal,0.03,1.1,0,0.0,Unknown,7.0,0.25,6.75,96.43,9.0,2.25,6.75,75.0,100.0,100.0,9.0,9.0,0.0,CRITICO,CRITICO,Sistema inestable: llegan 4.00 pax/min y la capacidad actual es 4.00 pax/min. Abrir hasta 8 cabina(s).
2026-05-16 11:43:18,seguridad,52,55,1.0,2,6,normal,Normal,0.03,1.1,0,0.0,Unknown,31.8,9.8,22.0,69.18,33.0,11.0,22.0,66.67,100.0,100.0,85.0,85.0,0.0,CRITICO,CRITICO,Sistema inestable: llegan 8.00 pax/min y la capacidad actual es 5.00 pax/min. Abrir hasta 6 cabina(s).
2026-05-16 11:43:18,pasaportes,0,0,1.0,2,8,normal,Normal,0.03,1.1,0,0.0,Unknown,0.0,0.0,0.0,0.0,2.0,2.0,0.0,0.0,100.0,100.0,0.0,0.0,0.0,CRITICO,CRITICO,Sistema inestable: llegan 4.00 pax/min y la capacidad actual es 4.00 pax/min. Abrir hasta 8 cabina(s).
2026-05-16 11:43:18,embarque,0,0,1.0,2,4,normal,Normal,0.03,1.1,0,0.0,Low,0.0,0.0,0.0,0.0,0.5,0.5,0.0,0.0,100.0,100.0,0.0,0.0,0.0,CRITICO,CRITICO,Sistema inestable: llegan 8.00 pax/min y la capacidad actual es 8.00 pax/min. Abrir hasta 4 cabina(s).
2026-05-16 11:44:18,checkin,17,18,1.0,4,12,normal,Normal,0.03,1.1,0,0.0,Unknown,12.25,1.75,10.5,85.71,15.75,5.25,10.5,66.67,100.0,100.0,28.0,28.0,-0.0,CRITICO,CRITICO,Sistema inestable: llegan 4.43 pax/min y la capacidad actual es 3.43 pax/min. Abrir hasta 12 cabina(s).
2026-05-16 11:44:18,bagdrop,9,9,1.0,2,8,normal,Normal,0.03,1.1,0,0.0,Unknown,7.0,0.25,6.75,96.43,9.0,2.25,6.75,75.0,100.0,100.0,9.0,9.0,0.0,CRITICO,CRITICO,Sistema inestable: llegan 4.00 pax/min y la capacidad actual es 4.00 pax/min. Abrir hasta 8 cabina(s).
2026-05-16 11:44:18,seguridad,55,60,1.0,2,6,normal,Normal,0.03,1.1,0,0.0,Unknown,34.8,10.8,24.0,68.97,36.0,12.0,24.0,66.67,100.0,100.0,110.0,110.0,0.0,CRITICO,CRITICO,Sistema inestable: llegan 10.00 pax/min y la capacidad actual es 5.00 pax/min. Abrir hasta 6 cabina(s).
2026-05-16 11:44:18,pasaportes,0,0,1.0,2,8,normal,Normal,0.03,1.1,0,0.0,Unknown,0.0,0.0,0.0,0.0,2.0,2.0,0.0,0.0,100.0,100.0,0.0,0.0,0.0,CRITICO,CRITICO,Sistema inestable: llegan 4.00 pax/min y la capacidad actual es 4.00 pax/min. Abrir hasta 8 cabina(s).
2026-05-16 11:44:18,embarque,0,0,1.0,2,4,normal,Normal,0.03,1.1,0,0.0,Low,0.0,0.0,0.0,0.0,0.5,0.5,0.0,0.0,100.0,100.0,0.0,0.0,0.0,CRITICO,CRITICO,Sistema inestable: llegan 8.00 pax/min y la capacidad actual es 8.00 pax/min. Abrir hasta 4 cabina(s).
2026-05-16 11:45:18,checkin,18,20,1.0,4,12,normal,Normal,0.03,1.1,0,0.0,Unknown,14.0,2.33,11.67,83.33,17.5,5.83,11.67,66.67,100.0,100.0,40.0,40.0,0.0,CRITICO,CRITICO,Sistema inestable: llegan 5.43 pax/min y la capacidad actual es 3.43 pax/min. Abrir hasta 12 cabina(s).
2026-05-16 11:45:18,bagdrop,9,9,1.0,2,8,normal,Normal,0.03,1.1,0,0.0,Unknown,7.0,0.25,6.75,96.43,9.0,2.25,6.75,75.0,100.0,100.0,9.0,9.0,0.0,CRITICO,CRITICO,Sistema inestable: llegan 4.00 pax/min y la capacidad actual es 4.00 pax/min. Abrir hasta 8 cabina(s).
2026-05-16 11:45:18,seguridad,60,62,1.0,2,6,normal,Normal,0.03,1.1,0,0.0,Unknown,36.0,11.2,24.8,68.89,37.2,12.4,24.8,66.67,100.0,100.0,82.0,82.0,0.0,CRITICO,CRITICO,Sistema inestable: llegan 7.00 pax/min y la capacidad actual es 5.00 pax/min. Abrir hasta 6 cabina(s).
2026-05-16 11:45:18,pasaportes,0,0,1.0,2,8,normal,Normal,0.03,1.1,0,0.0,Unknown,0.0,0.0,0.0,0.0,2.0,2.0,0.0,0.0,100.0,100.0,0.0,0.0,0.0,CRITICO,CRITICO,Sistema inestable: llegan 4.00 pax/min y la capacidad actual es 4.00 pax/min. Abrir hasta 8 cabina(s).
2026-05-16 11:45:18,embarque,0,0,1.0,2,4,normal,Normal,0.03,1.1,0,0.0,Low,0.0,0.0,0.0,0.0,0.5,0.5,0.0,0.0,100.0,100.0,0.0,0.0,0.0,CRITICO,CRITICO,Sistema inestable: llegan 8.00 pax/min y la capacidad actual es 8.00 pax/min. Abrir hasta 4 cabina(s).
2026-05-16 11:46:18,checkin,20,20,1.0,4,12,normal,Normal,0.03,1.1,0,0.0,Unknown,14.0,2.33,11.67,83.33,17.5,5.83,11.67,66.67,100.0,100.0,20.0,20.0,0.0,CRITICO,CRITICO,Sistema inestable: llegan 3.43 pax/min y la capacidad actual es 3.43 pax/min. Abrir hasta 12 cabina(s).
2026-05-16 11:46:18,bagdrop,9,9,1.0,2,8,normal,Normal,0.03,1.1,0,0.0,Unknown,7.0,0.25,6.75,96.43,9.0,2.25,6.75,75.0,100.0,100.0,9.0,9.0,0.0,CRITICO,CRITICO,Sistema inestable: llegan 4.00 pax/min y la capacidad actual es 4.00 pax/min. Abrir hasta 8 cabina(s).
2026-05-16 11:46:18,seguridad,62,65,1.0,2,6,normal,Normal,0.03,1.1,0,0.0,Unknown,37.8,11.8,26.0,68.78,39.0,13.0,26.0,66.67,100.0,100.0,95.0,95.0,0.0,CRITICO,CRITICO,Sistema inestable: llegan 8.00 pax/min y la capacidad actual es 5.00 pax/min. Abrir hasta 6 cabina(s).
2026-05-16 11:46:18,pasaportes,0,0,1.0,2,8,normal,Normal,0.03,1.1,0,0.0,Unknown,0.0,0.0,0.0,0.0,2.0,2.0,0.0,0.0,100.0,100.0,0.0,0.0,0.0,CRITICO,CRITICO,Sistema inestable: llegan 4.00 pax/min y la capacidad actual es 4.00 pax/min. Abrir hasta 8 cabina(s).
2026-05-16 11:46:18,embarque,0,0,1.0,2,4,normal,Normal,0.03,1.1,0,0.0,Low,0.0,0.0,0.0,0.0,0.5,0.5,0.0,0.0,100.0,100.0,0.0,0.0,0.0,CRITICO,CRITICO,Sistema inestable: llegan 8.00 pax/min y la capacidad actual es 8.00 pax/min. Abrir hasta 4 cabina(s).
2026-05-16 11:47:18,checkin,20,24,1.0,4,12,normal,Normal,0.03,1.1,0,0.0,Unknown,17.5,3.5,14.0,80.0,21.0,7.0,14.0,66.67,100.0,100.0,64.0,64.0,-0.0,CRITICO,CRITICO,Sistema inestable: llegan 7.43 pax/min y la capacidad actual es 3.43 pax/min. Abrir hasta 12 cabina(s).
2026-05-16 11:47:18,bagdrop,9,12,1.0,2,8,normal,Normal,0.03,1.1,0,0.0,Unknown,10.0,1.0,9.0,90.0,12.0,3.0,9.0,75.0,100.0,100.0,42.0,42.0,0.0,CRITICO,CRITICO,Sistema inestable: llegan 7.00 pax/min y la capacidad actual es 4.00 pax/min. Abrir hasta 8 cabina(s).
2026-05-16 11:47:18,seguridad,65,72,1.0,2,6,normal,Normal,0.03,1.1,0,0.0,Unknown,42.0,13.2,28.8,68.57,43.2,14.4,28.8,66.67,100.0,100.0,142.0,142.0,0.0,CRITICO,CRITICO,Sistema inestable: llegan 12.00 pax/min y la capacidad actual es 5.00 pax/min. Abrir hasta 6 cabina(s).
2026-05-16 11:47:18,pasaportes,0,0,1.0,2,8,normal,Normal,0.03,1.1,0,0.0,Unknown,0.0,0.0,0.0,0.0,2.0,2.0,0.0,0.0,100.0,100.0,0.0,0.0,0.0,CRITICO,CRITICO,Sistema inestable: llegan 4.00 pax/min y la capacidad actual es 4.00 pax/min. Abrir hasta 8 cabina(s).
2026-05-16 11:47:18,embarque,0,0,1.0,2,4,normal,Normal,0.03,1.1,0,0.0,Low,0.0,0.0,0.0,0.0,0.5,0.5,0.0,0.0,100.0,100.0,0.0,0.0,0.0,CRITICO,CRITICO,Sistema inestable: llegan 8.00 pax/min y la capacidad actual es 8.00 pax/min. Abrir hasta 4 cabina(s).
2026-05-16 11:48:18,checkin,24,26,1.0,4,12,normal,Normal,0.09,1.06,4,0.0,Unknown,19.25,4.08,15.17,78.79,22.75,7.58,15.17,66.67,100.0,100.0,46.0,46.0,0.0,CRITICO,CRITICO,Sistema inestable: llegan 5.43 pax/min y la capacidad actual es 3.43 pax/min. Abrir hasta 12 cabina(s).
2026-05-16 11:48:18,bagdrop,12,13,1.0,2,8,normal,Normal,0.09,1.06,4,0.0,Unknown,11.0,1.25,9.75,88.64,13.0,3.25,9.75,75.0,100.0,100.0,23.0,23.0,0.0,CRITICO,CRITICO,Sistema inestable: llegan 5.00 pax/min y la capacidad actual es 4.00 pax/min. Abrir hasta 8 cabina(s).
2026-05-16 11:48:18,seguridad,72,77,1.0,2,6,normal,Normal,0.09,1.06,4,0.0,Unknown,45.0,14.2,30.8,68.44,46.2,15.4,30.8,66.67,100.0,100.0,127.0,127.0,0.0,CRITICO,CRITICO,Sistema inestable: llegan 10.00 pax/min y la capacidad actual es 5.00 pax/min. Abrir hasta 6 cabina(s).
2026-05-16 11:48:18,pasaportes,0,0,1.0,2,8,normal,Normal,0.09,1.06,4,0.0,Unknown,0.0,0.0,0.0,0.0,2.0,2.0,0.0,0.0,100.0,100.0,0.0,0.0,0.0,CRITICO,CRITICO,Sistema inestable: llegan 4.00 pax/min y la capacidad actual es 4.00 pax/min. Abrir hasta 8 cabina(s).
2026-05-16 11:48:18,embarque,0,0,1.0,2,4,normal,Normal,0.09,1.06,4,0.0,Low,0.0,0.0,0.0,0.0,0.5,0.5,0.0,0.0,100.0,100.0,0.0,0.0,0.0,CRITICO,CRITICO,Sistema inestable: llegan 8.00 pax/min y la capacidad actual es 8.00 pax/min. Abrir hasta 4 cabina(s).
2026-05-16 11:49:18,checkin,26,30,1.0,4,12,normal,Normal,0.09,1.06,4,0.0,Unknown,22.75,5.25,17.5,76.92,26.25,8.75,17.5,66.67,100.0,100.0,70.0,70.0,0.0,CRITICO,CRITICO,Sistema inestable: llegan 7.43 pax/min y la capacidad actual es 3.43 pax/min. Abrir hasta 12 cabina(s).
2026-05-16 11:49:18,bagdrop,13,15,1.0,2,8,normal,Normal,0.09,1.06,4,0.0,Unknown,13.0,1.75,11.25,86.54,15.0,3.75,11.25,75.0,100.0,100.0,35.0,35.0,0.0,CRITICO,CRITICO,Sistema inestable: llegan 6.00 pax/min y la capacidad actual es 4.00 pax/min. Abrir hasta 8 cabina(s).
2026-05-16 11:49:18,seguridad,77,84,1.0,2,6,normal,Normal,0.09,1.06,4,0.0,Unknown,49.2,15.6,33.6,68.29,50.4,16.8,33.6,66.67,100.0,100.0,154.0,154.0,0.0,CRITICO,CRITICO,Sistema inestable: llegan 12.00 pax/min y la capacidad actual es 5.00 pax/min. Abrir hasta 6 cabina(s).
2026-05-16 11:49:18,pasaportes,0,0,1.0,2,8,normal,Normal,0.09,1.06,4,0.0,Unknown,0.0,0.0,0.0,0.0,2.0,2.0,0.0,0.0,100.0,100.0,0.0,0.0,0.0,CRITICO,CRITICO,Sistema inestable: llegan 4.00 pax/min y la capacidad actual es 4.00 pax/min. Abrir hasta 8 cabina(s).
2026-05-16 11:49:18,embarque,0,0,1.0,2,4,normal,Normal,0.09,1.06,4,0.0,Low,0.0,0.0,0.0,0.0,0.5,0.5,0.0,0.0,100.0,100.0,0.0,0.0,0.0,CRITICO,CRITICO,Sistema inestable: llegan 8.00 pax/min y la capacidad actual es 8.00 pax/min. Abrir hasta 4 cabina(s).
2026-05-16 11:50:18,checkin,30,33,1.0,4,12,normal,Normal,0.09,1.06,4,0.0,Unknown,25.38,6.12,19.25,75.86,28.88,9.62,19.25,66.67,100.0,100.0,63.0,63.0,0.0,CRITICO,CRITICO,Sistema inestable: llegan 6.43 pax/min y la capacidad actual es 3.43 pax/min. Abrir hasta 12 cabina(s).
2026-05-16 11:50:18,bagdrop,15,18,1.0,2,8,normal,Normal,0.09,1.06,4,0.0,Unknown,16.0,2.5,13.5,84.38,18.0,4.5,13.5,75.0,100.0,100.0,48.0,48.0,0.0,CRITICO,CRITICO,Sistema inestable: llegan 7.00 pax/min y la capacidad actual es 4.00 pax/min. Abrir hasta 8 cabina(s).
2026-05-16 11:50:18,seguridad,84,88,1.0,2,6,normal,Normal,0.09,1.06,4,0.0,Unknown,51.6,16.4,35.2,68.22,52.8,17.6,35.2,66.67,100.0,100.0,128.0,128.0,0.0,CRITICO,CRITICO,Sistema inestable: llegan 9.00 pax/min y la capacidad actual es 5.00 pax/min. Abrir hasta 6 cabina(s).
2026-05-16 11:50:18,pasaportes,0,0,1.0,2,8,normal,Normal,0.09,1.06,4,0.0,Unknown,0.0,0.0,0.0,0.0,2.0,2.0,0.0,0.0,100.0,100.0,0.0,0.0,0.0,CRITICO,CRITICO,Sistema inestable: llegan 4.00 pax/min y la capacidad actual es 4.00 pax/min. Abrir hasta 8 cabina(s).
2026-05-16 11:50:18,embarque,0,0,1.0,2,4,normal,Normal,0.09,1.06,4,0.0,Low,0.0,0.0,0.0,0.0,0.5,0.5,0.0,0.0,100.0,100.0,0.0,0.0,0.0,CRITICO,CRITICO,Sistema inestable: llegan 8.00 pax/min y la capacidad actual es 8.00 pax/min. Abrir hasta 4 cabina(s).
2026-05-16 11:51:18,checkin,33,36,1.0,4,12,normal,Normal,0.09,1.06,4,0.0,Unknown,28.0,7.0,21.0,75.0,31.5,10.5,21.0,66.67,100.0,100.0,66.0,66.0,0.0,CRITICO,CRITICO,Sistema inestable: llegan 6.43 pax/min y la capacidad actual es 3.43 pax/min. Abrir hasta 12 cabina(s).
2026-05-16 11:51:18,bagdrop,18,19,1.0,2,8,normal,Normal,0.09,1.06,4,0.0,Unknown,17.0,2.75,14.25,83.82,19.0,4.75,14.25,75.0,100.0,100.0,29.0,29.0,0.0,CRITICO,CRITICO,Sistema inestable: llegan 5.00 pax/min y la capacidad actual es 4.00 pax/min. Abrir hasta 8 cabina(s).
2026-05-16 11:51:18,seguridad,88,93,1.0,2,6,normal,Normal,0.09,1.06,4,0.0,Unknown,54.6,17.4,37.2,68.13,55.8,18.6,37.2,66.67,100.0,100.0,143.0,143.0,0.0,CRITICO,CRITICO,Sistema inestable: llegan 10.00 pax/min y la capacidad actual es 5.00 pax/min. Abrir hasta 6 cabina(s).
2026-05-16 11:51:18,pasaportes,0,0,1.0,2,8,normal,Normal,0.09,1.06,4,0.0,Unknown,0.0,0.0,0.0,0.0,2.0,2.0,0.0,0.0,100.0,100.0,0.0,0.0,0.0,CRITICO,CRITICO,Sistema inestable: llegan 4.00 pax/min y la capacidad actual es 4.00 pax/min. Abrir hasta 8 cabina(s).
2026-05-16 11:51:18,embarque,0,0,1.0,2,4,normal,Normal,0.09,1.06,4,0.0,Low,0.0,0.0,0.0,0.0,0.5,0.5,0.0,0.0,100.0,100.0,0.0,0.0,0.0,CRITICO,CRITICO,Sistema inestable: llegan 8.00 pax/min y la capacidad actual es 8.00 pax/min. Abrir hasta 4 cabina(s).
2026-05-16 11:52:18,checkin,36,40,1.0,4,12,normal,Normal,0.09,1.06,4,0.0,Unknown,31.5,8.17,23.33,74.07,35.0,11.67,23.33,66.67,100.0,100.0,80.0,80.0,0.0,CRITICO,CRITICO,Sistema inestable: llegan 7.43 pax/min y la capacidad actual es 3.43 pax/min. Abrir hasta 12 cabina(s).
2026-05-16 11:52:18,bagdrop,19,23,1.0,2,8,normal,Normal,0.09,1.06,4,0.0,Unknown,21.0,3.75,17.25,82.14,23.0,5.75,17.25,75.0,100.0,100.0,63.0,63.0,0.0,CRITICO,CRITICO,Sistema inestable: llegan 8.00 pax/min y la capacidad actual es 4.00 pax/min. Abrir hasta 8 cabina(s).
2026-05-16 11:52:18,seguridad,93,99,1.0,2,6,normal,Normal,0.09,1.06,4,0.0,Unknown,58.2,18.6,39.6,68.04,59.4,19.8,39.6,66.67,100.0,100.0,159.0,159.0,0.0,CRITICO,CRITICO,Sistema inestable: llegan 11.00 pax/min y la capacidad actual es 5.00 pax/min. Abrir hasta 6 cabina(s).
2026-05-16 11:52:18,pasaportes,0,0,1.0,2,8,normal,Normal,0.09,1.06,4,0.0,Unknown,0.0,0.0,0.0,0.0,2.0,2.0,0.0,0.0,100.0,100.0,0.0,0.0,0.0,CRITICO,CRITICO,Sistema inestable: llegan 4.00 pax/min y la capacidad actual es 4.00 pax/min. Abrir hasta 8 cabina(s).
2026-05-16 11:52:18,embarque,0,0,1.0,2,4,normal,Normal,0.09,1.06,4,0.0,Low,0.0,0.0,0.0,0.0,0.5,0.5,0.0,0.0,100.0,100.0,0.0,0.0,0.0,CRITICO,CRITICO,Sistema inestable: llegan 8.00 pax/min y la capacidad actual es 8.00 pax/min. Abrir hasta 4 cabina(s).
2026-05-16 11:53:18,checkin,40,43,1.0,4,12,normal,Normal,0.09,1.06,4,0.0,Unknown,34.12,9.04,25.08,73.5,37.62,12.54,25.08,66.67,100.0,100.0,73.0,73.0,0.0,CRITICO,CRITICO,Sistema inestable: llegan 6.43 pax/min y la capacidad actual es 3.43 pax/min. Abrir hasta 12 cabina(s).
2026-05-16 11:53:18,bagdrop,23,25,1.0,2,8,normal,Normal,0.09,1.06,4,0.0,Unknown,23.0,4.25,18.75,81.52,25.0,6.25,18.75,75.0,100.0,100.0,45.0,45.0,0.0,CRITICO,CRITICO,Sistema inestable: llegan 6.00 pax/min y la capacidad actual es 4.00 pax/min. Abrir hasta 8 cabina(s).
2026-05-16 11:53:18,seguridad,99,105,1.0,2,6,normal,Normal,0.09,1.06,4,0.0,Unknown,61.8,19.8,42.0,67.96,63.0,21.0,42.0,66.67,100.0,100.0,165.0,165.0,0.0,CRITICO,CRITICO,Sistema inestable: llegan 11.00 pax/min y la capacidad actual es 5.00 pax/min. Abrir hasta 6 cabina(s).
2026-05-16 11:53:18,pasaportes,0,0,1.0,2,8,normal,Normal,0.09,1.06,4,0.0,Unknown,0.0,0.0,0.0,0.0,2.0,2.0,0.0,0.0,100.0,100.0,0.0,0.0,0.0,CRITICO,CRITICO,Sistema inestable: llegan 4.00 pax/min y la capacidad actual es 4.00 pax/min. Abrir hasta 8 cabina(s).
2026-05-16 11:53:18,embarque,0,0,1.0,2,4,normal,Normal,0.09,1.06,4,0.0,Low,0.0,0.0,0.0,0.0,0.5,0.5,0.0,0.0,100.0,100.0,0.0,0.0,0.0,CRITICO,CRITICO,Sistema inestable: llegan 8.00 pax/min y la capacidad actual es 8.00 pax/min. Abrir hasta 4 cabina(s).
2026-05-16 11:54:18,checkin,43,48,1.0,4,12,normal,Normal,0.09,1.06,4,0.0,Unknown,38.5,10.5,28.0,72.73,42.0,14.0,28.0,66.67,100.0,100.0,98.0,98.0,0.0,CRITICO,CRITICO,Sistema inestable: llegan 8.43 pax/min y la capacidad actual es 3.43 pax/min. Abrir hasta 12 cabina(s).
2026-05-16 11:54:18,bagdrop,25,29,1.0,2,8,normal,Normal,0.09,1.06,4,0.0,Unknown,27.0,5.25,21.75,80.56,29.0,7.25,21.75,75.0,100.0,100.0,69.0,69.0,0.0,CRITICO,CRITICO,Sistema inestable: llegan 8.00 pax/min y la capacidad actual es 4.00 pax/min. Abrir hasta 8 cabina(s).
2026-05-16 11:54:18,seguridad,105,111,1.0,2,6,normal,Normal,0.09,1.06,4,0.0,Unknown,65.4,21.0,44.4,67.89,66.6,22.2,44.4,66.67,100.0,100.0,171.0,171.0,0.0,CRITICO,CRITICO,Sistema inestable: llegan 11.00 pax/min y la capacidad actual es 5.00 pax/min. Abrir hasta 6 cabina(s).
2026-05-16 11:54:18,pasaportes,0,0,1.0,2,8,normal,Normal,0.09,1.06,4,0.0,Unknown,0.0,0.0,0.0,0.0,2.0,2.0,0.0,0.0,100.0,100.0,0.0,0.0,0.0,CRITICO,CRITICO,Sistema inestable: llegan 4.00 pax/min y la capacidad actual es 4.00 pax/min. Abrir hasta 8 cabina(s).
2026-05-16 11:54:18,embarque,0,0,1.0,2,4,normal,Normal,0.09,1.06,4,0.0,Low,0.0,0.0,0.0,0.0,0.5,0.5,0.0,0.0,100.0,100.0,0.0,0.0,0.0,CRITICO,CRITICO,Sistema inestable: llegan 8.00 pax/min y la capacidad actual es 8.00 pax/min. Abrir hasta 4 cabina(s).
2026-05-16 11:55:18,checkin,48,52,1.0,4,12,normal,Normal,0.09,1.06,4,0.0,Unknown,42.0,11.67,30.33,72.22,45.5,15.17,30.33,66.67,100.0,100.0,92.0,92.0,0.0,CRITICO,CRITICO,Sistema inestable: llegan 7.43 pax/min y la capacidad actual es 3.43 pax/min. Abrir hasta 12 cabina(s).
2026-05-16 11:55:18,bagdrop,29,31,1.0,2,8,normal,Normal,0.09,1.06,4,0.0,Unknown,29.0,5.75,23.25,80.17,31.0,7.75,23.25,75.0,100.0,100.0,51.0,51.0,0.0,CRITICO,CRITICO,Sistema inestable: llegan 6.00 pax/min y la capacidad actual es 4.00 pax/min. Abrir hasta 8 cabina(s).
2026-05-16 11:55:18,seguridad,111,115,1.0,2,6,normal,Normal,0.09,1.06,4,0.0,Unknown,67.8,21.8,46.0,67.85,69.0,23.0,46.0,66.67,100.0,100.0,155.0,155.0,0.0,CRITICO,CRITICO,Sistema inestable: llegan 9.00 pax/min y la capacidad actual es 5.00 pax/min. Abrir hasta 6 cabina(s).
2026-05-16 11:55:18,pasaportes,0,0,1.0,2,8,normal,Normal,0.09,1.06,4,0.0,Unknown,0.0,0.0,0.0,0.0,2.0,2.0,0.0,0.0,100.0,100.0,0.0,0.0,0.0,CRITICO,CRITICO,Sistema inestable: llegan 4.00 pax/min y la capacidad actual es 4.00 pax/min. Abrir hasta 8 cabina(s).
2026-05-16 11:55:18,embarque,0,0,1.0,2,4,normal,Normal,0.09,1.06,4,0.0,Low,0.0,0.0,0.0,0.0,0.5,0.5,0.0,0.0,100.0,100.0,0.0,0.0,0.0,CRITICO,CRITICO,Sistema inestable: llegan 8.00 pax/min y la capacidad actual es 8.00 pax/min. Abrir hasta 4 cabina(s).
2026-05-16 11:56:18,checkin,52,55,1.0,4,12,normal,Normal,0.09,1.06,4,0.0,Unknown,44.62,12.54,32.08,71.9,48.12,16.04,32.08,66.67,100.0,100.0,85.0,85.0,0.0,CRITICO,CRITICO,Sistema inestable: llegan 6.43 pax/min y la capacidad actual es 3.43 pax/min. Abrir hasta 12 cabina(s).
2026-05-16 11:56:18,bagdrop,31,34,1.0,2,8,normal,Normal,0.09,1.06,4,0.0,Unknown,32.0,6.5,25.5,79.69,34.0,8.5,25.5,75.0,100.0,100.0,64.0,64.0,0.0,CRITICO,CRITICO,Sistema inestable: llegan 7.00 pax/min y la capacidad actual es 4.00 pax/min. Abrir hasta 8 cabina(s).
2026-05-16 11:56:18,seguridad,115,120,1.0,2,6,normal,Normal,0.09,1.06,4,0.0,Unknown,70.8,22.8,48.0,67.8,72.0,24.0,48.0,66.67,100.0,100.0,170.0,170.0,0.0,CRITICO,CRITICO,Sistema inestable: llegan 10.00 pax/min y la capacidad actual es 5.00 pax/min. Abrir hasta 6 cabina(s).
2026-05-16 11:56:18,pasaportes,0,0,1.0,2,8,normal,Normal,0.09,1.06,4,0.0,Unknown,0.0,0.0,0.0,0.0,2.0,2.0,0.0,0.0,100.0,100.0,0.0,0.0,0.0,CRITICO,CRITICO,Sistema inestable: llegan 4.00 pax/min y la capacidad actual es 4.00 pax/min. Abrir hasta 8 cabina(s).
2026-05-16 11:56:18,embarque,0,0,1.0,2,4,normal,Normal,0.09,1.06,4,0.0,Low,0.0,0.0,0.0,0.0,0.5,0.5,0.0,0.0,100.0,100.0,0.0,0.0,0.0,CRITICO,CRITICO,Sistema inestable: llegan 8.00 pax/min y la capacidad actual es 8.00 pax/min. Abrir hasta 4 cabina(s).
2026-05-16 11:57:18,checkin,55,57,1.0,4,12,normal,Normal,0.09,1.06,4,0.0,Unknown,46.38,13.12,33.25,71.7,49.88,16.62,33.25,66.67,100.0,100.0,77.0,77.0,0.0,CRITICO,CRITICO,Sistema inestable: llegan 5.43 pax/min y la capacidad actual es 3.43 pax/min. Abrir hasta 12 cabina(s).
2026-05-16 11:57:18,bagdrop,34,35,1.0,2,8,normal,Normal,0.09,1.06,4,0.0,Unknown,33.0,6.75,26.25,79.55,35.0,8.75,26.25,75.0,100.0,100.0,45.0,45.0,0.0,CRITICO,CRITICO,Sistema inestable: llegan 5.00 pax/min y la capacidad actual es 4.00 pax/min. Abrir hasta 8 cabina(s).
2026-05-16 11:57:18,seguridad,120,126,1.0,2,6,normal,Normal,0.09,1.06,4,0.0,Unknown,74.4,24.0,50.4,67.74,75.6,25.2,50.4,66.67,100.0,100.0,186.0,186.0,0.0,CRITICO,CRITICO,Sistema inestable: llegan 11.00 pax/min y la capacidad actual es 5.00 pax/min. Abrir hasta 6 cabina(s).
2026-05-16 11:57:18,pasaportes,0,0,1.0,2,8,normal,Normal,0.09,1.06,4,0.0,Unknown,0.0,0.0,0.0,0.0,2.0,2.0,0.0,0.0,100.0,100.0,0.0,0.0,0.0,CRITICO,CRITICO,Sistema inestable: llegan 4.00 pax/min y la capacidad actual es 4.00 pax/min. Abrir hasta 8 cabina(s).
2026-05-16 11:57:18,embarque,0,0,1.0,2,4,normal,Normal,0.09,1.06,4,0.0,Low,0.0,0.0,0.0,0.0,0.5,0.5,0.0,0.0,100.0,100.0,0.0,0.0,0.0,CRITICO,CRITICO,Sistema inestable: llegan 8.00 pax/min y la capacidad actual es 8.00 pax/min. Abrir hasta 4 cabina(s).
2026-05-16 11:58:18,checkin,57,61,1.0,4,12,normal,Normal,0.09,1.06,4,0.0,Unknown,49.88,14.29,35.58,71.35,53.38,17.79,35.58,66.67,100.0,100.0,101.0,101.0,0.0,CRITICO,CRITICO,Sistema inestable: llegan 7.43 pax/min y la capacidad actual es 3.43 pax/min. Abrir hasta 12 cabina(s).
2026-05-16 11:58:18,bagdrop,35,39,1.0,2,8,normal,Normal,0.09,1.06,4,0.0,Unknown,37.0,7.75,29.25,79.05,39.0,9.75,29.25,75.0,100.0,100.0,79.0,79.0,0.0,CRITICO,CRITICO,Sistema inestable: llegan 8.00 pax/min y la capacidad actual es 4.00 pax/min. Abrir hasta 8 cabina(s).
2026-05-16 11:58:18,seguridad,126,132,1.0,2,6,normal,Normal,0.09,1.06,4,0.0,Unknown,78.0,25.2,52.8,67.69,79.2,26.4,52.8,66.67,100.0,100.0,192.0,192.0,0.0,CRITICO,CRITICO,Sistema inestable: llegan 11.00 pax/min y la capacidad actual es 5.00 pax/min. Abrir hasta 6 cabina(s).
2026-05-16 11:58:18,pasaportes,0,0,1.0,2,8,normal,Normal,0.09,1.06,4,0.0,Unknown,0.0,0.0,0.0,0.0,2.0,2.0,0.0,0.0,100.0,100.0,0.0,0.0,0.0,CRITICO,CRITICO,Sistema inestable: llegan 4.00 pax/min y la capacidad actual es 4.00 pax/min. Abrir hasta 8 cabina(s).
2026-05-16 11:58:18,embarque,0,0,1.0,2,4,normal,Normal,0.09,1.06,4,0.0,Low,0.0,0.0,0.0,0.0,0.5,0.5,0.0,0.0,100.0,100.0,0.0,0.0,0.0,CRITICO,CRITICO,Sistema inestable: llegan 8.00 pax/min y la capacidad actual es 8.00 pax/min. Abrir hasta 4 cabina(s).
2026-05-16 11:59:18,checkin,61,65,1.0,4,12,low_visibility,Baja visibilidad,0.57,1.63,21,0.0,Unknown,53.38,15.46,37.92,71.04,56.88,18.96,37.92,66.67,100.0,100.0,105.0,105.0,0.0,CRITICO,CRITICO,Sistema inestable: llegan 7.43 pax/min y la capacidad actual es 3.43 pax/min. Abrir hasta 12 cabina(s).
2026-05-16 11:59:18,bagdrop,39,42,1.0,2,8,low_visibility,Baja visibilidad,0.57,1.63,21,0.0,Unknown,40.0,8.5,31.5,78.75,42.0,10.5,31.5,75.0,100.0,100.0,72.0,72.0,0.0,CRITICO,CRITICO,Sistema inestable: llegan 7.00 pax/min y la capacidad actual es 4.00 pax/min. Abrir hasta 8 cabina(s).
2026-05-16 11:59:18,seguridad,132,139,1.0,2,6,low_visibility,Baja visibilidad,0.57,1.63,21,0.0,Unknown,82.2,26.6,55.6,67.64,83.4,27.8,55.6,66.67,100.0,100.0,209.0,209.0,0.0,CRITICO,CRITICO,Sistema inestable: llegan 12.00 pax/min y la capacidad actual es 5.00 pax/min. Abrir hasta 6 cabina(s).
2026-05-16 11:59:18,pasaportes,0,0,1.0,2,8,low_visibility,Baja visibilidad,0.57,1.63,21,0.0,Unknown,0.0,0.0,0.0,0.0,2.0,2.0,0.0,0.0,100.0,100.0,0.0,0.0,0.0,CRITICO,CRITICO,Sistema inestable: llegan 4.00 pax/min y la capacidad actual es 4.00 pax/min. Abrir hasta 8 cabina(s).
2026-05-16 11:59:18,embarque,0,0,1.0,2,4,low_visibility,Baja visibilidad,0.57,1.63,21,0.0,Low,0.0,0.0,0.0,0.0,0.5,0.5,0.0,0.0,100.0,100.0,0.0,0.0,0.0,CRITICO,CRITICO,Sistema inestable: llegan 8.00 pax/min y la capacidad actual es 8.00 pax/min. Abrir hasta 4 cabina(s).
2026-05-16 12:00:18,checkin,65,67,1.0,4,12,low_visibility,Baja visibilidad,0.57,1.63,21,0.0,Unknown,55.12,16.04,39.08,70.9,58.62,19.54,39.08,66.67,100.0,100.0,87.0,87.0,0.0,CRITICO,CRITICO,Sistema inestable: llegan 5.43 pax/min y la capacidad actual es 3.43 pax/min. Abrir hasta 12 cabina(s).
2026-05-16 12:00:18,bagdrop,42,43,1.0,2,8,low_visibility,Baja visibilidad,0.57,1.63,21,0.0,Unknown,41.0,8.75,32.25,78.66,43.0,10.75,32.25,75.0,100.0,100.0,53.0,53.0,0.0,CRITICO,CRITICO,Sistema inestable: llegan 5.00 pax/min y la capacidad actual es 4.00 pax/min. Abrir hasta 8 cabina(s).
2026-05-16 12:00:18,seguridad,139,144,1.0,2,6,low_visibility,Baja visibilidad,0.57,1.63,21,0.0,Unknown,85.2,27.6,57.6,67.61,86.4,28.8,57.6,66.67,100.0,100.0,194.0,194.0,0.0,CRITICO,CRITICO,Sistema inestable: llegan 10.00 pax/min y la capacidad actual es 5.00 pax/min. Abrir hasta 6 cabina(s).
2026-05-16 12:00:18,pasaportes,0,0,1.0,2,8,low_visibility,Baja visibilidad,0.57,1.63,21,0.0,Unknown,0.0,0.0,0.0,0.0,2.0,2.0,0.0,0.0,100.0,100.0,0.0,0.0,0.0,CRITICO,CRITICO,Sistema inestable: llegan 4.00 pax/min y la capacidad actual es 4.00 pax/min. Abrir hasta 8 cabina(s).
2026-05-16 12:00:18,embarque,0,0,1.0,2,4,low_visibility,Baja visibilidad,0.57,1.63,21,0.0,Low,0.0,0.0,0.0,0.0,0.5,0.5,0.0,0.0,100.0,100.0,0.0,0.0,0.0,CRITICO,CRITICO,Sistema inestable: llegan 8.00 pax/min y la capacidad actual es 8.00 pax/min. Abrir hasta 4 cabina(s).
2026-05-16 12:01:18,checkin,67,73,1.0,4,12,low_visibility,Baja visibilidad,0.57,1.63,21,0.0,Unknown,60.38,17.79,42.58,70.53,63.88,21.29,42.58,66.67,100.0,100.0,133.0,133.0,0.0,CRITICO,CRITICO,Sistema inestable: llegan 9.43 pax/min y la capacidad actual es 3.43 pax/min. Abrir hasta 12 cabina(s).
2026-05-16 12:01:18,bagdrop,43,47,1.0,2,8,low_visibility,Baja visibilidad,0.57,1.63,21,0.0,Unknown,45.0,9.75,35.25,78.33,47.0,11.75,35.25,75.0,100.0,100.0,87.0,87.0,0.0,CRITICO,CRITICO,Sistema inestable: llegan 8.00 pax/min y la capacidad actual es 4.00 pax/min. Abrir hasta 8 cabina(s).
2026-05-16 12:01:18,seguridad,144,153,1.0,2,6,low_visibility,Baja visibilidad,0.57,1.63,21,0.0,Unknown,90.6,29.4,61.2,67.55,91.8,30.6,61.2,66.67,100.0,100.0,243.0,243.0,0.0,CRITICO,CRITICO,Sistema inestable: llegan 14.00 pax/min y la capacidad actual es 5.00 pax/min. Abrir hasta 6 cabina(s).
2026-05-16 12:01:18,pasaportes,0,0,1.0,2,8,low_visibility,Baja visibilidad,0.57,1.63,21,0.0,Unknown,0.0,0.0,0.0,0.0,2.0,2.0,0.0,0.0,100.0,100.0,0.0,0.0,0.0,CRITICO,CRITICO,Sistema inestable: llegan 4.00 pax/min y la capacidad actual es 4.00 pax/min. Abrir hasta 8 cabina(s).
2026-05-16 12:01:18,embarque,0,0,1.0,2,4,low_visibility,Baja visibilidad,0.57,1.63,21,0.0,Low,0.0,0.0,0.0,0.0,0.5,0.5,0.0,0.0,100.0,100.0,0.0,0.0,0.0,CRITICO,CRITICO,Sistema inestable: llegan 8.00 pax/min y la capacidad actual es 8.00 pax/min. Abrir hasta 4 cabina(s).
2026-05-16 12:02:18,checkin,73,77,1.0,4,12,low_visibility,Baja visibilidad,0.57,1.63,21,0.0,Unknown,63.88,18.96,44.92,70.32,67.38,22.46,44.92,66.67,100.0,100.0,117.0,117.0,0.0,CRITICO,CRITICO,Sistema inestable: llegan 7.43 pax/min y la capacidad actual es 3.43 pax/min. Abrir hasta 12 cabina(s).
2026-05-16 12:02:18,bagdrop,47,52,1.0,2,8,low_visibility,Baja visibilidad,0.57,1.63,21,0.0,Unknown,50.0,11.0,39.0,78.0,52.0,13.0,39.0,75.0,100.0,100.0,102.0,102.0,0.0,CRITICO,CRITICO,Sistema inestable: llegan 9.00 pax/min y la capacidad actual es 4.00 pax/min. Abrir hasta 8 cabina(s).
2026-05-16 12:02:18,seguridad,153,161,1.0,2,6,low_visibility,Baja visibilidad,0.57,1.63,21,0.0,Unknown,95.4,31.0,64.4,67.51,96.6,32.2,64.4,66.67,100.0,100.0,241.0,241.0,0.0,CRITICO,CRITICO,Sistema inestable: llegan 13.00 pax/min y la capacidad actual es 5.00 pax/min. Abrir hasta 6 cabina(s).
2026-05-16 12:02:18,pasaportes,0,0,1.0,2,8,low_visibility,Baja visibilidad,0.57,1.63,21,0.0,Unknown,0.0,0.0,0.0,0.0,2.0,2.0,0.0,0.0,100.0,100.0,0.0,0.0,0.0,CRITICO,CRITICO,Sistema inestable: llegan 4.00 pax/min y la capacidad actual es 4.00 pax/min. Abrir hasta 8 cabina(s).
2026-05-16 12:02:18,embarque,0,0,1.0,2,4,low_visibility,Baja visibilidad,0.57,1.63,21,0.0,Low,0.0,0.0,0.0,0.0,0.5,0.5,0.0,0.0,100.0,100.0,0.0,0.0,0.0,CRITICO,CRITICO,Sistema inestable: llegan 8.00 pax/min y la capacidad actual es 8.00 pax/min. Abrir hasta 4 cabina(s).
2026-05-16 12:03:18,checkin,77,85,1.0,4,12,low_visibility,Baja visibilidad,0.57,1.63,21,0.0,Unknown,70.88,21.29,49.58,69.96,74.38,24.79,49.58,66.67,100.0,100.0,165.0,165.0,0.0,CRITICO,CRITICO,Sistema inestable: llegan 11.43 pax/min y la capacidad actual es 3.43 pax/min. Abrir hasta 12 cabina(s).
2026-05-16 12:03:18,bagdrop,52,57,1.0,2,8,low_visibility,Baja visibilidad,0.57,1.63,21,0.0,Unknown,55.0,12.25,42.75,77.73,57.0,14.25,42.75,75.0,100.0,100.0,107.0,107.0,0.0,CRITICO,CRITICO,Sistema inestable: llegan 9.00 pax/min y la capacidad actual es 4.00 pax/min. Abrir hasta 8 cabina(s).
2026-05-16 12:03:18,seguridad,161,173,1.0,2,6,low_visibility,Baja visibilidad,0.57,1.63,21,0.0,Unknown,102.6,33.4,69.2,67.45,103.8,34.6,69.2,66.67,100.0,100.0,293.0,293.0,0.0,CRITICO,CRITICO,Sistema inestable: llegan 17.00 pax/min y la capacidad actual es 5.00 pax/min. Abrir hasta 6 cabina(s).
2026-05-16 12:03:18,pasaportes,0,0,1.0,2,8,low_visibility,Baja visibilidad,0.57,1.63,21,0.0,Unknown,0.0,0.0,0.0,0.0,2.0,2.0,0.0,0.0,100.0,100.0,0.0,0.0,0.0,CRITICO,CRITICO,Sistema inestable: llegan 4.00 pax/min y la capacidad actual es 4.00 pax/min. Abrir hasta 8 cabina(s).
2026-05-16 12:03:18,embarque,0,0,1.0,2,4,low_visibility,Baja visibilidad,0.57,1.63,21,0.0,Low,0.0,0.0,0.0,0.0,0.5,0.5,0.0,0.0,100.0,100.0,0.0,0.0,0.0,CRITICO,CRITICO,Sistema inestable: llegan 8.00 pax/min y la capacidad actual es 8.00 pax/min. Abrir hasta 4 cabina(s).
2026-05-16 12:04:18,checkin,85,94,1.0,4,12,low_visibility,Baja visibilidad,0.57,1.63,21,0.0,Unknown,78.75,23.92,54.83,69.63,82.25,27.42,54.83,66.67,100.0,100.0,184.0,184.0,0.0,CRITICO,CRITICO,Sistema inestable: llegan 12.43 pax/min y la capacidad actual es 3.43 pax/min. Abrir hasta 12 cabina(s).
2026-05-16 12:04:18,bagdrop,57,63,1.0,2,8,low_visibility,Baja visibilidad,0.57,1.63,21,0.0,Unknown,61.0,13.75,47.25,77.46,63.0,15.75,47.25,75.0,100.0,100.0,123.0,123.0,0.0,CRITICO,CRITICO,Sistema inestable: llegan 10.00 pax/min y la capacidad actual es 4.00 pax/min. Abrir hasta 8 cabina(s).
2026-05-16 12:04:18,seguridad,173,184,1.0,2,6,low_visibility,Baja visibilidad,0.57,1.63,21,0.0,Unknown,109.2,35.6,73.6,67.4,110.4,36.8,73.6,66.67,100.0,100.0,294.0,294.0,0.0,CRITICO,CRITICO,Sistema inestable: llegan 16.00 pax/min y la capacidad actual es 5.00 pax/min. Abrir hasta 6 cabina(s).
2026-05-16 12:04:18,pasaportes,0,0,1.0,2,8,low_visibility,Baja visibilidad,0.57,1.63,21,0.0,Unknown,0.0,0.0,0.0,0.0,2.0,2.0,0.0,0.0,100.0,100.0,0.0,0.0,0.0,CRITICO,CRITICO,Sistema inestable: llegan 4.00 pax/min y la capacidad actual es 4.00 pax/min. Abrir hasta 8 cabina(s).
2026-05-16 12:04:18,embarque,0,0,1.0,2,4,low_visibility,Baja visibilidad,0.57,1.63,21,0.0,Low,0.0,0.0,0.0,0.0,0.5,0.5,0.0,0.0,100.0,100.0,0.0,0.0,0.0,CRITICO,CRITICO,Sistema inestable: llegan 8.00 pax/min y la capacidad actual es 8.00 pax/min. Abrir hasta 4 cabina(s).
2026-05-16 12:05:18,checkin,94,102,1.0,4,12,low_visibility,Baja visibilidad,0.57,1.63,21,0.0,Unknown,85.75,26.25,59.5,69.39,89.25,29.75,59.5,66.67,100.0,100.0,182.0,182.0,0.0,CRITICO,CRITICO,Sistema inestable: llegan 11.43 pax/min y la capacidad actual es 3.43 pax/min. Abrir hasta 12 cabina(s).
2026-05-16 12:05:18,bagdrop,63,68,1.0,2,8,low_visibility,Baja visibilidad,0.57,1.63,21,0.0,Unknown,66.0,15.0,51.0,77.27,68.0,17.0,51.0,75.0,100.0,100.0,118.0,118.0,0.0,CRITICO,CRITICO,Sistema inestable: llegan 9.00 pax/min y la capacidad actual es 4.00 pax/min. Abrir hasta 8 cabina(s).
2026-05-16 12:05:18,seguridad,184,195,1.0,2,6,low_visibility,Baja visibilidad,0.57,1.63,21,0.0,Unknown,115.8,37.8,78.0,67.36,117.0,39.0,78.0,66.67,100.0,100.0,305.0,305.0,0.0,CRITICO,CRITICO,Sistema inestable: llegan 16.00 pax/min y la capacidad actual es 5.00 pax/min. Abrir hasta 6 cabina(s).
2026-05-16 12:05:18,pasaportes,0,0,1.0,2,8,low_visibility,Baja visibilidad,0.57,1.63,21,0.0,Unknown,0.0,0.0,0.0,0.0,2.0,2.0,0.0,0.0,100.0,100.0,0.0,0.0,0.0,CRITICO,CRITICO,Sistema inestable: llegan 4.00 pax/min y la capacidad actual es 4.00 pax/min. Abrir hasta 8 cabina(s).
2026-05-16 12:05:18,embarque,0,0,1.0,2,4,low_visibility,Baja visibilidad,0.57,1.63,21,0.0,Low,0.0,0.0,0.0,0.0,0.5,0.5,0.0,0.0,100.0,100.0,0.0,0.0,0.0,CRITICO,CRITICO,Sistema inestable: llegan 8.00 pax/min y la capacidad actual es 8.00 pax/min. Abrir hasta 4 cabina(s).
2026-05-16 12:06:18,checkin,102,109,1.0,4,12,low_visibility,Baja visibilidad,0.57,1.63,21,0.0,Unknown,91.88,28.29,63.58,69.21,95.38,31.79,63.58,66.67,100.0,100.0,179.0,179.0,0.0,CRITICO,CRITICO,Sistema inestable: llegan 10.43 pax/min y la capacidad actual es 3.43 pax/min. Abrir hasta 12 cabina(s).
2026-05-16 12:06:18,bagdrop,68,73,1.0,2,8,low_visibility,Baja visibilidad,0.57,1.63,21,0.0,Unknown,71.0,16.25,54.75,77.11,73.0,18.25,54.75,75.0,100.0,100.0,123.0,123.0,0.0,CRITICO,CRITICO,Sistema inestable: llegan 9.00 pax/min y la capacidad actual es 4.00 pax/min. Abrir hasta 8 cabina(s).
2026-05-16 12:06:18,seguridad,195,205,1.0,2,6,low_visibility,Baja visibilidad,0.57,1.63,21,0.0,Unknown,121.8,39.8,82.0,67.32,123.0,41.0,82.0,66.67,100.0,100.0,305.0,305.0,0.0,CRITICO,CRITICO,Sistema inestable: llegan 15.00 pax/min y la capacidad actual es 5.00 pax/min. Abrir hasta 6 cabina(s).
2026-05-16 12:06:18,pasaportes,0,0,1.0,2,8,low_visibility,Baja visibilidad,0.57,1.63,21,0.0,Unknown,0.0,0.0,0.0,0.0,2.0,2.0,0.0,0.0,100.0,100.0,0.0,0.0,0.0,CRITICO,CRITICO,Sistema inestable: llegan 4.00 pax/min y la capacidad actual es 4.00 pax/min. Abrir hasta 8 cabina(s).
2026-05-16 12:06:18,embarque,0,0,1.0,2,4,low_visibility,Baja visibilidad,0.57,1.63,21,0.0,Low,0.0,0.0,0.0,0.0,0.5,0.5,0.0,0.0,100.0,100.0,0.0,0.0,0.0,CRITICO,CRITICO,Sistema inestable: llegan 8.00 pax/min y la capacidad actual es 8.00 pax/min. Abrir hasta 4 cabina(s).
2026-05-16 12:07:18,checkin,109,115,1.0,4,12,low_visibility,Baja visibilidad,0.57,1.63,21,0.0,Unknown,97.12,30.04,67.08,69.07,100.62,33.54,67.08,66.67,100.0,100.0,175.0,175.0,0.0,CRITICO,CRITICO,Sistema inestable: llegan 9.43 pax/min y la capacidad actual es 3.43 pax/min. Abrir hasta 12 cabina(s).
2026-05-16 12:07:18,bagdrop,73,79,1.0,2,8,low_visibility,Baja visibilidad,0.57,1.63,21,0.0,Unknown,77.0,17.75,59.25,76.95,79.0,19.75,59.25,75.0,100.0,100.0,139.0,139.0,0.0,CRITICO,CRITICO,Sistema inestable: llegan 10.00 pax/min y la capacidad actual es 4.00 pax/min. Abrir hasta 8 cabina(s).
2026-05-16 12:07:18,seguridad,205,215,1.0,2,6,low_visibility,Baja visibilidad,0.57,1.63,21,0.0,Unknown,127.8,41.8,86.0,67.29,129.0,43.0,86.0,66.67,100.0,100.0,315.0,315.0,0.0,CRITICO,CRITICO,Sistema inestable: llegan 15.00 pax/min y la capacidad actual es 5.00 pax/min. Abrir hasta 6 cabina(s).
2026-05-16 12:07:18,pasaportes,0,0,1.0,2,8,low_visibility,Baja visibilidad,0.57,1.63,21,0.0,Unknown,0.0,0.0,0.0,0.0,2.0,2.0,0.0,0.0,100.0,100.0,0.0,0.0,0.0,CRITICO,CRITICO,Sistema inestable: llegan 4.00 pax/min y la capacidad actual es 4.00 pax/min. Abrir hasta 8 cabina(s).
2026-05-16 12:07:18,embarque,0,0,1.0,2,4,low_visibility,Baja visibilidad,0.57,1.63,21,0.0,Low,0.0,0.0,0.0,0.0,0.5,0.5,0.0,0.0,100.0,100.0,0.0,0.0,0.0,CRITICO,CRITICO,Sistema inestable: llegan 8.00 pax/min y la capacidad actual es 8.00 pax/min. Abrir hasta 4 cabina(s).
2026-05-16 12:08:18,checkin,115,122,1.0,4,12,low_visibility,Baja visibilidad,0.57,1.63,21,0.0,Unknown,103.25,32.08,71.17,68.93,106.75,35.58,71.17,66.67,100.0,100.0,192.0,192.0,0.0,CRITICO,CRITICO,Sistema inestable: llegan 10.43 pax/min y la capacidad actual es 3.43 pax/min. Abrir hasta 12 cabina(s).
2026-05-16 12:08:18,bagdrop,79,83,1.0,2,8,low_visibility,Baja visibilidad,0.57,1.63,21,0.0,Unknown,81.0,18.75,62.25,76.85,83.0,20.75,62.25,75.0,100.0,100.0,123.0,123.0,0.0,CRITICO,CRITICO,Sistema inestable: llegan 8.00 pax/min y la capacidad actual es 4.00 pax/min. Abrir hasta 8 cabina(s).
2026-05-16 12:08:18,seguridad,215,225,1.0,2,6,low_visibility,Baja visibilidad,0.57,1.63,21,0.0,Unknown,133.8,43.8,90.0,67.26,135.0,45.0,90.0,66.67,100.0,100.0,325.0,325.0,0.0,CRITICO,CRITICO,Sistema inestable: llegan 15.00 pax/min y la capacidad actual es 5.00 pax/min. Abrir hasta 6 cabina(s).
2026-05-16 12:08:18,pasaportes,0,0,1.0,2,8,low_visibility,Baja visibilidad,0.57,1.63,21,0.0,Unknown,0.0,0.0,0.0,0.0,2.0,2.0,0.0,0.0,100.0,100.0,0.0,0.0,0.0,CRITICO,CRITICO,Sistema inestable: llegan 4.00 pax/min y la capacidad actual es 4.00 pax/min. Abrir hasta 8 cabina(s).
2026-05-16 12:08:18,embarque,0,0,1.0,2,4,low_visibility,Baja visibilidad,0.57,1.63,21,0.0,Low,0.0,0.0,0.0,0.0,0.5,0.5,0.0,0.0,100.0,100.0,0.0,0.0,0.0,CRITICO,CRITICO,Sistema inestable: llegan 8.00 pax/min y la capacidad actual es 8.00 pax/min. Abrir hasta 4 cabina(s).
2026-05-16 12:09:18,checkin,122,131,1.0,4,12,normal,Normal,0.02,1.04,2,0.0,Unknown,111.12,34.71,76.42,68.77,114.62,38.21,76.42,66.67,100.0,100.0,221.0,221.0,0.0,CRITICO,CRITICO,Sistema inestable: llegan 12.43 pax/min y la capacidad actual es 3.43 pax/min. Abrir hasta 12 cabina(s).
2026-05-16 12:09:18,bagdrop,83,89,1.0,2,8,normal,Normal,0.02,1.04,2,0.0,Unknown,87.0,20.25,66.75,76.72,89.0,22.25,66.75,75.0,100.0,100.0,149.0,149.0,0.0,CRITICO,CRITICO,Sistema inestable: llegan 10.00 pax/min y la capacidad actual es 4.00 pax/min. Abrir hasta 8 cabina(s).
2026-05-16 12:09:18,seguridad,225,235,1.0,2,6,normal,Normal,0.02,1.04,2,0.0,Unknown,139.8,45.8,94.0,67.24,141.0,47.0,94.0,66.67,100.0,100.0,335.0,335.0,0.0,CRITICO,CRITICO,Sistema inestable: llegan 15.00 pax/min y la capacidad actual es 5.00 pax/min. Abrir hasta 6 cabina(s).
2026-05-16 12:09:18,pasaportes,0,0,1.0,2,8,normal,Normal,0.02,1.04,2,0.0,Unknown,0.0,0.0,0.0,0.0,2.0,2.0,0.0,0.0,100.0,100.0,0.0,0.0,0.0,CRITICO,CRITICO,Sistema inestable: llegan 4.00 pax/min y la capacidad actual es 4.00 pax/min. Abrir hasta 8 cabina(s).
2026-05-16 12:09:18,embarque,0,0,1.0,2,4,normal,Normal,0.02,1.04,2,0.0,Low,0.0,0.0,0.0,0.0,0.5,0.5,0.0,0.0,100.0,100.0,0.0,0.0,0.0,CRITICO,CRITICO,Sistema inestable: llegan 8.00 pax/min y la capacidad actual es 8.00 pax/min. Abrir hasta 4 cabina(s).
2026-05-16 12:10:18,checkin,131,136,1.0,4,12,normal,Normal,0.02,1.04,2,0.0,Unknown,115.5,36.17,79.33,68.69,119.0,39.67,79.33,66.67,100.0,100.0,186.0,186.0,0.0,CRITICO,CRITICO,Sistema inestable: llegan 8.43 pax/min y la capacidad actual es 3.43 pax/min. Abrir hasta 12 cabina(s).
2026-05-16 12:10:18,bagdrop,89,92,1.0,2,8,normal,Normal,0.02,1.04,2,0.0,Unknown,90.0,21.0,69.0,76.67,92.0,23.0,69.0,75.0,100.0,100.0,122.0,122.0,0.0,CRITICO,CRITICO,Sistema inestable: llegan 7.00 pax/min y la capacidad actual es 4.00 pax/min. Abrir hasta 8 cabina(s).
2026-05-16 12:10:18,seguridad,235,243,1.0,2,6,normal,Normal,0.02,1.04,2,0.0,Unknown,144.6,47.4,97.2,67.22,145.8,48.6,97.2,66.67,100.0,100.0,323.0,323.0,0.0,CRITICO,CRITICO,Sistema inestable: llegan 13.00 pax/min y la capacidad actual es 5.00 pax/min. Abrir hasta 6 cabina(s).
2026-05-16 12:10:18,pasaportes,0,0,1.0,2,8,normal,Normal,0.02,1.04,2,0.0,Unknown,0.0,0.0,0.0,0.0,2.0,2.0,0.0,0.0,100.0,100.0,0.0,0.0,0.0,CRITICO,CRITICO,Sistema inestable: llegan 4.00 pax/min y la capacidad actual es 4.00 pax/min. Abrir hasta 8 cabina(s).
2026-05-16 12:10:18,embarque,0,0,1.0,2,4,normal,Normal,0.02,1.04,2,0.0,Low,0.0,0.0,0.0,0.0,0.5,0.5,0.0,0.0,100.0,100.0,0.0,0.0,0.0,CRITICO,CRITICO,Sistema inestable: llegan 8.00 pax/min y la capacidad actual es 8.00 pax/min. Abrir hasta 4 cabina(s).
2026-05-16 12:11:18,checkin,136,137,1.0,4,12,normal,Normal,0.02,1.04,2,0.0,Unknown,116.38,36.46,79.92,68.67,119.88,39.96,79.92,66.67,100.0,100.0,147.0,147.0,0.0,CRITICO,CRITICO,Sistema inestable: llegan 4.43 pax/min y la capacidad actual es 3.43 pax/min. Abrir hasta 12 cabina(s).
2026-05-16 12:11:18,bagdrop,92,94,1.0,2,8,normal,Normal,0.02,1.04,2,0.0,Unknown,92.0,21.5,70.5,76.63,94.0,23.5,70.5,75.0,100.0,100.0,114.0,114.0,0.0,CRITICO,CRITICO,Sistema inestable: llegan 6.00 pax/min y la capacidad actual es 4.00 pax/min. Abrir hasta 8 cabina(s).
2026-05-16 12:11:18,seguridad,243,246,1.0,2,6,normal,Normal,0.02,1.04,2,0.0,Unknown,146.4,48.0,98.4,67.21,147.6,49.2,98.4,66.67,100.0,100.0,276.0,276.0,0.0,CRITICO,CRITICO,Sistema inestable: llegan 8.00 pax/min y la capacidad actual es 5.00 pax/min. Abrir hasta 6 cabina(s).
2026-05-16 12:11:18,pasaportes,0,0,1.0,2,8,normal,Normal,0.02,1.04,2,0.0,Unknown,0.0,0.0,0.0,0.0,2.0,2.0,0.0,0.0,100.0,100.0,0.0,0.0,0.0,CRITICO,CRITICO,Sistema inestable: llegan 4.00 pax/min y la capacidad actual es 4.00 pax/min. Abrir hasta 8 cabina(s).
2026-05-16 12:11:18,embarque,0,0,1.0,2,4,normal,Normal,0.02,1.04,2,0.0,Low,0.0,0.0,0.0,0.0,0.5,0.5,0.0,0.0,100.0,100.0,0.0,0.0,0.0,CRITICO,CRITICO,Sistema inestable: llegan 8.00 pax/min y la capacidad actual es 8.00 pax/min. Abrir hasta 4 cabina(s).
