timestamp_procesado,timestamp_lectura_csv,ruta_pasajero,tiempo_total_estimado_desde_entrada_min
2026-05-16 11:22:23,2026-05-16 11:24:18,checkin_seguridad_pasaportes_embarque,16.23
2026-05-16 11:22:23,2026-05-16 11:24:18,checkin_seguridad_embarque,13.22
2026-05-16 11:22:23,2026-05-16 11:24:18,bagdrop_seguridad_pasaportes_embarque,12.1
2026-05-16 11:22:23,2026-05-16 11:24:18,bagdrop_seguridad_embarque,9.1
2026-05-16 11:22:23,2026-05-16 11:24:18,directo_seguridad_pasaportes_embarque,10.1
2026-05-16 11:22:23,2026-05-16 11:24:18,directo_seguridad_embarque,7.1
2026-05-16 11:22:26,2026-05-16 11:25:18,checkin_seguridad_pasaportes_embarque,10.7
2026-05-16 11:22:26,2026-05-16 11:25:18,checkin_seguridad_embarque,8.7
2026-05-16 11:22:26,2026-05-16 11:25:18,bagdrop_seguridad_pasaportes_embarque,9.8
2026-05-16 11:22:26,2026-05-16 11:25:18,bagdrop_seguridad_embarque,7.8
2026-05-16 11:22:26,2026-05-16 11:25:18,directo_seguridad_pasaportes_embarque,5.8
2026-05-16 11:22:26,2026-05-16 11:25:18,directo_seguridad_embarque,3.8
2026-05-16 11:22:29,2026-05-16 11:26:18,checkin_seguridad_pasaportes_embarque,8.88
2026-05-16 11:22:29,2026-05-16 11:26:18,checkin_seguridad_embarque,6.88
2026-05-16 11:22:29,2026-05-16 11:26:18,bagdrop_seguridad_pasaportes_embarque,7.38
2026-05-16 11:22:29,2026-05-16 11:26:18,bagdrop_seguridad_embarque,5.38
2026-05-16 11:22:29,2026-05-16 11:26:18,directo_seguridad_pasaportes_embarque,5.38
2026-05-16 11:22:29,2026-05-16 11:26:18,directo_seguridad_embarque,3.38
2026-05-16 11:22:33,2026-05-16 11:27:18,checkin_seguridad_pasaportes_embarque,12.3
2026-05-16 11:22:33,2026-05-16 11:27:18,checkin_seguridad_embarque,10.3
2026-05-16 11:22:33,2026-05-16 11:27:18,bagdrop_seguridad_pasaportes_embarque,7.3
2026-05-16 11:22:33,2026-05-16 11:27:18,bagdrop_seguridad_embarque,5.3
2026-05-16 11:22:33,2026-05-16 11:27:18,directo_seguridad_pasaportes_embarque,5.3
2026-05-16 11:22:33,2026-05-16 11:27:18,directo_seguridad_embarque,3.3
2026-05-16 11:22:36,2026-05-16 11:28:18,checkin_seguridad_pasaportes_embarque,9.88
2026-05-16 11:22:36,2026-05-16 11:28:18,checkin_seguridad_embarque,7.88
2026-05-16 11:22:36,2026-05-16 11:28:18,bagdrop_seguridad_pasaportes_embarque,7.5
2026-05-16 11:22:36,2026-05-16 11:28:18,bagdrop_seguridad_embarque,5.5
2026-05-16 11:22:36,2026-05-16 11:28:18,directo_seguridad_pasaportes_embarque,5.5
2026-05-16 11:22:36,2026-05-16 11:28:18,directo_seguridad_embarque,3.5
2026-05-16 11:22:39,2026-05-16 11:29:18,checkin_seguridad_pasaportes_embarque,11.93
2026-05-16 11:22:39,2026-05-16 11:29:18,checkin_seguridad_embarque,9.93
2026-05-16 11:22:39,2026-05-16 11:29:18,bagdrop_seguridad_pasaportes_embarque,8.1
2026-05-16 11:22:39,2026-05-16 11:29:18,bagdrop_seguridad_embarque,6.1
2026-05-16 11:22:39,2026-05-16 11:29:18,directo_seguridad_pasaportes_embarque,6.1
2026-05-16 11:22:39,2026-05-16 11:29:18,directo_seguridad_embarque,4.1
2026-05-16 11:22:42,2026-05-16 11:30:18,checkin_seguridad_pasaportes_embarque,10.68
2026-05-16 11:22:42,2026-05-16 11:30:18,checkin_seguridad_embarque,8.68
2026-05-16 11:22:42,2026-05-16 11:30:18,bagdrop_seguridad_pasaportes_embarque,8.3
2026-05-16 11:22:42,2026-05-16 11:30:18,bagdrop_seguridad_embarque,6.3
2026-05-16 11:22:42,2026-05-16 11:30:18,directo_seguridad_pasaportes_embarque,6.3
2026-05-16 11:22:42,2026-05-16 11:30:18,directo_seguridad_embarque,4.3
2026-05-16 11:22:45,2026-05-16 11:31:18,checkin_seguridad_pasaportes_embarque,10.0
2026-05-16 11:22:45,2026-05-16 11:31:18,checkin_seguridad_embarque,8.0
2026-05-16 11:22:45,2026-05-16 11:31:18,bagdrop_seguridad_pasaportes_embarque,8.5
2026-05-16 11:22:45,2026-05-16 11:31:18,bagdrop_seguridad_embarque,6.5
2026-05-16 11:22:45,2026-05-16 11:31:18,directo_seguridad_pasaportes_embarque,6.5
2026-05-16 11:22:45,2026-05-16 11:31:18,directo_seguridad_embarque,4.5
2026-05-16 11:22:48,2026-05-16 11:32:18,checkin_seguridad_pasaportes_embarque,10.6
2026-05-16 11:22:48,2026-05-16 11:32:18,checkin_seguridad_embarque,8.6
2026-05-16 11:22:48,2026-05-16 11:32:18,bagdrop_seguridad_pasaportes_embarque,9.1
2026-05-16 11:22:48,2026-05-16 11:32:18,bagdrop_seguridad_embarque,7.1
2026-05-16 11:22:48,2026-05-16 11:32:18,directo_seguridad_pasaportes_embarque,7.1
2026-05-16 11:22:48,2026-05-16 11:32:18,directo_seguridad_embarque,5.1
2026-05-16 11:22:51,2026-05-16 11:33:18,checkin_seguridad_pasaportes_embarque,11.0
2026-05-16 11:22:51,2026-05-16 11:33:18,checkin_seguridad_embarque,9.0
2026-05-16 11:22:51,2026-05-16 11:33:18,bagdrop_seguridad_pasaportes_embarque,9.5
2026-05-16 11:22:51,2026-05-16 11:33:18,bagdrop_seguridad_embarque,7.5
2026-05-16 11:22:51,2026-05-16 11:33:18,directo_seguridad_pasaportes_embarque,7.5
2026-05-16 11:22:51,2026-05-16 11:33:18,directo_seguridad_embarque,5.5
2026-05-16 11:22:54,2026-05-16 11:34:18,checkin_seguridad_pasaportes_embarque,11.2
2026-05-16 11:22:54,2026-05-16 11:34:18,checkin_seguridad_embarque,9.2
2026-05-16 11:22:54,2026-05-16 11:34:18,bagdrop_seguridad_pasaportes_embarque,9.7
2026-05-16 11:22:54,2026-05-16 11:34:18,bagdrop_seguridad_embarque,7.7
2026-05-16 11:22:54,2026-05-16 11:34:18,directo_seguridad_pasaportes_embarque,7.7
2026-05-16 11:22:54,2026-05-16 11:34:18,directo_seguridad_embarque,5.7
2026-05-16 11:22:57,2026-05-16 11:35:18,checkin_seguridad_pasaportes_embarque,11.8
2026-05-16 11:22:57,2026-05-16 11:35:18,checkin_seguridad_embarque,9.8
2026-05-16 11:22:57,2026-05-16 11:35:18,bagdrop_seguridad_pasaportes_embarque,10.3
2026-05-16 11:22:57,2026-05-16 11:35:18,bagdrop_seguridad_embarque,8.3
2026-05-16 11:22:57,2026-05-16 11:35:18,directo_seguridad_pasaportes_embarque,8.3
2026-05-16 11:22:57,2026-05-16 11:35:18,directo_seguridad_embarque,6.3
2026-05-16 11:23:00,2026-05-16 11:36:18,checkin_seguridad_pasaportes_embarque,12.8
2026-05-16 11:23:00,2026-05-16 11:36:18,checkin_seguridad_embarque,10.8
2026-05-16 11:23:00,2026-05-16 11:36:18,bagdrop_seguridad_pasaportes_embarque,11.3
2026-05-16 11:23:00,2026-05-16 11:36:18,bagdrop_seguridad_embarque,9.3
2026-05-16 11:23:00,2026-05-16 11:36:18,directo_seguridad_pasaportes_embarque,9.3
2026-05-16 11:23:00,2026-05-16 11:36:18,directo_seguridad_embarque,7.3
2026-05-16 11:23:03,2026-05-16 11:37:18,checkin_seguridad_pasaportes_embarque,13.4
2026-05-16 11:23:03,2026-05-16 11:37:18,checkin_seguridad_embarque,11.4
2026-05-16 11:23:03,2026-05-16 11:37:18,bagdrop_seguridad_pasaportes_embarque,11.9
2026-05-16 11:23:03,2026-05-16 11:37:18,bagdrop_seguridad_embarque,9.9
2026-05-16 11:23:03,2026-05-16 11:37:18,directo_seguridad_pasaportes_embarque,9.9
2026-05-16 11:23:03,2026-05-16 11:37:18,directo_seguridad_embarque,7.9
2026-05-16 11:23:06,2026-05-16 11:38:18,checkin_seguridad_pasaportes_embarque,14.2
2026-05-16 11:23:06,2026-05-16 11:38:18,checkin_seguridad_embarque,12.2
2026-05-16 11:23:06,2026-05-16 11:38:18,bagdrop_seguridad_pasaportes_embarque,12.7
2026-05-16 11:23:06,2026-05-16 11:38:18,bagdrop_seguridad_embarque,10.7
2026-05-16 11:23:06,2026-05-16 11:38:18,directo_seguridad_pasaportes_embarque,10.7
2026-05-16 11:23:06,2026-05-16 11:38:18,directo_seguridad_embarque,8.7
2026-05-16 11:23:09,2026-05-16 11:39:18,checkin_seguridad_pasaportes_embarque,14.6
2026-05-16 11:23:09,2026-05-16 11:39:18,checkin_seguridad_embarque,12.6
2026-05-16 11:23:09,2026-05-16 11:39:18,bagdrop_seguridad_pasaportes_embarque,13.1
2026-05-16 11:23:09,2026-05-16 11:39:18,bagdrop_seguridad_embarque,11.1
2026-05-16 11:23:09,2026-05-16 11:39:18,directo_seguridad_pasaportes_embarque,11.1
2026-05-16 11:23:09,2026-05-16 11:39:18,directo_seguridad_embarque,9.1
2026-05-16 11:23:12,2026-05-16 11:40:18,checkin_seguridad_pasaportes_embarque,15.2
2026-05-16 11:23:12,2026-05-16 11:40:18,checkin_seguridad_embarque,13.2
2026-05-16 11:23:12,2026-05-16 11:40:18,bagdrop_seguridad_pasaportes_embarque,13.7
2026-05-16 11:23:12,2026-05-16 11:40:18,bagdrop_seguridad_embarque,11.7
2026-05-16 11:23:12,2026-05-16 11:40:18,directo_seguridad_pasaportes_embarque,11.7
2026-05-16 11:23:12,2026-05-16 11:40:18,directo_seguridad_embarque,9.7
2026-05-16 11:23:15,2026-05-16 11:41:18,checkin_seguridad_pasaportes_embarque,16.18
2026-05-16 11:23:15,2026-05-16 11:41:18,checkin_seguridad_embarque,14.18
2026-05-16 11:23:15,2026-05-16 11:41:18,bagdrop_seguridad_pasaportes_embarque,14.1
2026-05-16 11:23:15,2026-05-16 11:41:18,bagdrop_seguridad_embarque,12.1
2026-05-16 11:23:15,2026-05-16 11:41:18,directo_seguridad_pasaportes_embarque,12.1
2026-05-16 11:23:15,2026-05-16 11:41:18,directo_seguridad_embarque,10.1
2026-05-16 11:23:18,2026-05-16 11:43:18,checkin_seguridad_pasaportes_embarque,18.46
2026-05-16 11:23:18,2026-05-16 11:43:18,checkin_seguridad_embarque,16.46
2026-05-16 11:23:18,2026-05-16 11:43:18,bagdrop_seguridad_pasaportes_embarque,15.75
2026-05-16 11:23:18,2026-05-16 11:43:18,bagdrop_seguridad_embarque,13.75
2026-05-16 11:23:18,2026-05-16 11:43:18,directo_seguridad_pasaportes_embarque,13.5
2026-05-16 11:23:18,2026-05-16 11:43:18,directo_seguridad_embarque,11.5
2026-05-16 11:23:21,2026-05-16 11:44:18,checkin_seguridad_pasaportes_embarque,19.75
2026-05-16 11:23:21,2026-05-16 11:44:18,checkin_seguridad_embarque,17.75
2026-05-16 11:23:21,2026-05-16 11:44:18,bagdrop_seguridad_pasaportes_embarque,16.75
2026-05-16 11:23:21,2026-05-16 11:44:18,bagdrop_seguridad_embarque,14.75
2026-05-16 11:23:21,2026-05-16 11:44:18,directo_seguridad_pasaportes_embarque,14.5
2026-05-16 11:23:21,2026-05-16 11:44:18,directo_seguridad_embarque,12.5
2026-05-16 11:23:24,2026-05-16 11:45:18,checkin_seguridad_pasaportes_embarque,20.73
2026-05-16 11:23:24,2026-05-16 11:45:18,checkin_seguridad_embarque,18.73
2026-05-16 11:23:24,2026-05-16 11:45:18,bagdrop_seguridad_pasaportes_embarque,17.15
2026-05-16 11:23:24,2026-05-16 11:45:18,bagdrop_seguridad_embarque,15.15
2026-05-16 11:23:24,2026-05-16 11:45:18,directo_seguridad_pasaportes_embarque,14.9
2026-05-16 11:23:24,2026-05-16 11:45:18,directo_seguridad_embarque,12.9
2026-05-16 11:23:27,2026-05-16 11:46:18,checkin_seguridad_pasaportes_embarque,21.33
2026-05-16 11:23:27,2026-05-16 11:46:18,checkin_seguridad_embarque,19.33
2026-05-16 11:23:27,2026-05-16 11:46:18,bagdrop_seguridad_pasaportes_embarque,17.75
2026-05-16 11:23:27,2026-05-16 11:46:18,bagdrop_seguridad_embarque,15.75
2026-05-16 11:23:27,2026-05-16 11:46:18,directo_seguridad_pasaportes_embarque,15.5
2026-05-16 11:23:27,2026-05-16 11:46:18,directo_seguridad_embarque,13.5
2026-05-16 11:23:30,2026-05-16 11:47:18,checkin_seguridad_pasaportes_embarque,23.9
2026-05-16 11:23:30,2026-05-16 11:47:18,checkin_seguridad_embarque,21.9
2026-05-16 11:23:30,2026-05-16 11:47:18,bagdrop_seguridad_pasaportes_embarque,19.9
2026-05-16 11:23:30,2026-05-16 11:47:18,bagdrop_seguridad_embarque,17.9
2026-05-16 11:23:30,2026-05-16 11:47:18,directo_seguridad_pasaportes_embarque,16.9
2026-05-16 11:23:30,2026-05-16 11:47:18,directo_seguridad_embarque,14.9
2026-05-16 11:23:33,2026-05-16 11:48:18,checkin_seguridad_pasaportes_embarque,25.48
2026-05-16 11:23:33,2026-05-16 11:48:18,checkin_seguridad_embarque,23.48
2026-05-16 11:23:33,2026-05-16 11:48:18,bagdrop_seguridad_pasaportes_embarque,21.15
2026-05-16 11:23:33,2026-05-16 11:48:18,bagdrop_seguridad_embarque,19.15
2026-05-16 11:23:33,2026-05-16 11:48:18,directo_seguridad_pasaportes_embarque,17.9
2026-05-16 11:23:33,2026-05-16 11:48:18,directo_seguridad_embarque,15.9
2026-05-16 11:23:36,2026-05-16 11:49:18,checkin_seguridad_pasaportes_embarque,28.05
2026-05-16 11:23:36,2026-05-16 11:49:18,checkin_seguridad_embarque,26.05
2026-05-16 11:23:36,2026-05-16 11:49:18,bagdrop_seguridad_pasaportes_embarque,23.05
2026-05-16 11:23:36,2026-05-16 11:49:18,bagdrop_seguridad_embarque,21.05
2026-05-16 11:23:36,2026-05-16 11:49:18,directo_seguridad_pasaportes_embarque,19.3
2026-05-16 11:23:36,2026-05-16 11:49:18,directo_seguridad_embarque,17.3
2026-05-16 11:23:39,2026-05-16 11:50:18,checkin_seguridad_pasaportes_embarque,29.72
2026-05-16 11:23:39,2026-05-16 11:50:18,checkin_seguridad_embarque,27.72
2026-05-16 11:23:39,2026-05-16 11:50:18,bagdrop_seguridad_pasaportes_embarque,24.6
2026-05-16 11:23:39,2026-05-16 11:50:18,bagdrop_seguridad_embarque,22.6
2026-05-16 11:23:39,2026-05-16 11:50:18,directo_seguridad_pasaportes_embarque,20.1
2026-05-16 11:23:39,2026-05-16 11:50:18,directo_seguridad_embarque,18.1
2026-05-16 11:23:42,2026-05-16 11:51:18,checkin_seguridad_pasaportes_embarque,31.6
2026-05-16 11:23:42,2026-05-16 11:51:18,checkin_seguridad_embarque,29.6
2026-05-16 11:23:42,2026-05-16 11:51:18,bagdrop_seguridad_pasaportes_embarque,25.85
2026-05-16 11:23:42,2026-05-16 11:51:18,bagdrop_seguridad_embarque,23.85
2026-05-16 11:23:42,2026-05-16 11:51:18,directo_seguridad_pasaportes_embarque,21.1
2026-05-16 11:23:42,2026-05-16 11:51:18,directo_seguridad_embarque,19.1
2026-05-16 11:23:45,2026-05-16 11:52:18,checkin_seguridad_pasaportes_embarque,33.97
2026-05-16 11:23:45,2026-05-16 11:52:18,checkin_seguridad_embarque,31.97
2026-05-16 11:23:45,2026-05-16 11:52:18,bagdrop_seguridad_pasaportes_embarque,28.05
2026-05-16 11:23:45,2026-05-16 11:52:18,bagdrop_seguridad_embarque,26.05
2026-05-16 11:23:45,2026-05-16 11:52:18,directo_seguridad_pasaportes_embarque,22.3
2026-05-16 11:23:45,2026-05-16 11:52:18,directo_seguridad_embarque,20.3
2026-05-16 11:23:48,2026-05-16 11:53:18,checkin_seguridad_pasaportes_embarque,36.04
2026-05-16 11:23:48,2026-05-16 11:53:18,checkin_seguridad_embarque,34.04
2026-05-16 11:23:48,2026-05-16 11:53:18,bagdrop_seguridad_pasaportes_embarque,29.75
2026-05-16 11:23:48,2026-05-16 11:53:18,bagdrop_seguridad_embarque,27.75
2026-05-16 11:23:48,2026-05-16 11:53:18,directo_seguridad_pasaportes_embarque,23.5
2026-05-16 11:23:48,2026-05-16 11:53:18,directo_seguridad_embarque,21.5
2026-05-16 11:23:51,2026-05-16 11:54:18,checkin_seguridad_pasaportes_embarque,38.7
2026-05-16 11:23:51,2026-05-16 11:54:18,checkin_seguridad_embarque,36.7
2026-05-16 11:23:51,2026-05-16 11:54:18,bagdrop_seguridad_pasaportes_embarque,31.95
2026-05-16 11:23:51,2026-05-16 11:54:18,bagdrop_seguridad_embarque,29.95
2026-05-16 11:23:51,2026-05-16 11:54:18,directo_seguridad_pasaportes_embarque,24.7
2026-05-16 11:23:51,2026-05-16 11:54:18,directo_seguridad_embarque,22.7
2026-05-16 11:23:54,2026-05-16 11:55:18,checkin_seguridad_pasaportes_embarque,40.67
2026-05-16 11:23:54,2026-05-16 11:55:18,checkin_seguridad_embarque,38.67
2026-05-16 11:23:54,2026-05-16 11:55:18,bagdrop_seguridad_pasaportes_embarque,33.25
2026-05-16 11:23:54,2026-05-16 11:55:18,bagdrop_seguridad_embarque,31.25
2026-05-16 11:23:54,2026-05-16 11:55:18,directo_seguridad_pasaportes_embarque,25.5
2026-05-16 11:23:54,2026-05-16 11:55:18,directo_seguridad_embarque,23.5
2026-05-16 11:23:57,2026-05-16 11:56:18,checkin_seguridad_pasaportes_embarque,42.54
2026-05-16 11:23:57,2026-05-16 11:56:18,checkin_seguridad_embarque,40.54
2026-05-16 11:23:57,2026-05-16 11:56:18,bagdrop_seguridad_pasaportes_embarque,35.0
2026-05-16 11:23:57,2026-05-16 11:56:18,bagdrop_seguridad_embarque,33.0
2026-05-16 11:23:57,2026-05-16 11:56:18,directo_seguridad_pasaportes_embarque,26.5
2026-05-16 11:23:57,2026-05-16 11:56:18,directo_seguridad_embarque,24.5
2026-05-16 11:24:00,2026-05-16 11:57:18,checkin_seguridad_pasaportes_embarque,44.33
2026-05-16 11:24:00,2026-05-16 11:57:18,checkin_seguridad_embarque,42.33
2026-05-16 11:24:00,2026-05-16 11:57:18,bagdrop_seguridad_pasaportes_embarque,36.45
2026-05-16 11:24:00,2026-05-16 11:57:18,bagdrop_seguridad_embarque,34.45
2026-05-16 11:24:00,2026-05-16 11:57:18,directo_seguridad_pasaportes_embarque,27.7
2026-05-16 11:24:00,2026-05-16 11:57:18,directo_seguridad_embarque,25.7
2026-05-16 11:24:03,2026-05-16 11:58:18,checkin_seguridad_pasaportes_embarque,46.69
2026-05-16 11:24:03,2026-05-16 11:58:18,checkin_seguridad_embarque,44.69
2026-05-16 11:24:03,2026-05-16 11:58:18,bagdrop_seguridad_pasaportes_embarque,38.65
2026-05-16 11:24:03,2026-05-16 11:58:18,bagdrop_seguridad_embarque,36.65
2026-05-16 11:24:03,2026-05-16 11:58:18,directo_seguridad_pasaportes_embarque,28.9
2026-05-16 11:24:03,2026-05-16 11:58:18,directo_seguridad_embarque,26.9
2026-05-16 11:24:06,2026-05-16 11:59:18,checkin_seguridad_pasaportes_embarque,49.26
2026-05-16 11:24:06,2026-05-16 11:59:18,checkin_seguridad_embarque,47.26
2026-05-16 11:24:06,2026-05-16 11:59:18,bagdrop_seguridad_pasaportes_embarque,40.8
2026-05-16 11:24:06,2026-05-16 11:59:18,bagdrop_seguridad_embarque,38.8
2026-05-16 11:24:06,2026-05-16 11:59:18,directo_seguridad_pasaportes_embarque,30.3
2026-05-16 11:24:06,2026-05-16 11:59:18,directo_seguridad_embarque,28.3
2026-05-16 11:24:09,2026-05-16 12:00:18,checkin_seguridad_pasaportes_embarque,50.84
2026-05-16 11:24:09,2026-05-16 12:00:18,checkin_seguridad_embarque,48.84
2026-05-16 11:24:09,2026-05-16 12:00:18,bagdrop_seguridad_pasaportes_embarque,42.05
2026-05-16 11:24:09,2026-05-16 12:00:18,bagdrop_seguridad_embarque,40.05
2026-05-16 11:24:09,2026-05-16 12:00:18,directo_seguridad_pasaportes_embarque,31.3
2026-05-16 11:24:09,2026-05-16 12:00:18,directo_seguridad_embarque,29.3
2026-05-16 11:24:12,2026-05-16 12:01:18,checkin_seguridad_pasaportes_embarque,54.39
2026-05-16 11:24:12,2026-05-16 12:01:18,checkin_seguridad_embarque,52.39
2026-05-16 11:24:12,2026-05-16 12:01:18,bagdrop_seguridad_pasaportes_embarque,44.85
2026-05-16 11:24:12,2026-05-16 12:01:18,bagdrop_seguridad_embarque,42.85
2026-05-16 11:24:12,2026-05-16 12:01:18,directo_seguridad_pasaportes_embarque,33.1
2026-05-16 11:24:12,2026-05-16 12:01:18,directo_seguridad_embarque,31.1
2026-05-16 11:24:15,2026-05-16 12:02:18,checkin_seguridad_pasaportes_embarque,57.16
2026-05-16 11:24:15,2026-05-16 12:02:18,checkin_seguridad_embarque,55.16
2026-05-16 11:24:15,2026-05-16 12:02:18,bagdrop_seguridad_pasaportes_embarque,47.7
2026-05-16 11:24:15,2026-05-16 12:02:18,bagdrop_seguridad_embarque,45.7
2026-05-16 11:24:15,2026-05-16 12:02:18,directo_seguridad_pasaportes_embarque,34.7
2026-05-16 11:24:15,2026-05-16 12:02:18,directo_seguridad_embarque,32.7
2026-05-16 11:24:18,2026-05-16 12:03:18,checkin_seguridad_pasaportes_embarque,61.89
2026-05-16 11:24:18,2026-05-16 12:03:18,checkin_seguridad_embarque,59.89
2026-05-16 11:24:18,2026-05-16 12:03:18,bagdrop_seguridad_pasaportes_embarque,51.35
2026-05-16 11:24:18,2026-05-16 12:03:18,bagdrop_seguridad_embarque,49.35
2026-05-16 11:24:18,2026-05-16 12:03:18,directo_seguridad_pasaportes_embarque,37.1
2026-05-16 11:24:18,2026-05-16 12:03:18,directo_seguridad_embarque,35.1
2026-05-16 11:24:21,2026-05-16 12:04:18,checkin_seguridad_pasaportes_embarque,66.72
2026-05-16 11:24:21,2026-05-16 12:04:18,checkin_seguridad_embarque,64.72
2026-05-16 11:24:21,2026-05-16 12:04:18,bagdrop_seguridad_pasaportes_embarque,55.05
2026-05-16 11:24:21,2026-05-16 12:04:18,bagdrop_seguridad_embarque,53.05
2026-05-16 11:24:21,2026-05-16 12:04:18,directo_seguridad_pasaportes_embarque,39.3
2026-05-16 11:24:21,2026-05-16 12:04:18,directo_seguridad_embarque,37.3
2026-05-16 11:24:24,2026-05-16 12:05:18,checkin_seguridad_pasaportes_embarque,71.25
2026-05-16 11:24:24,2026-05-16 12:05:18,checkin_seguridad_embarque,69.25
2026-05-16 11:24:24,2026-05-16 12:05:18,bagdrop_seguridad_pasaportes_embarque,58.5
2026-05-16 11:24:24,2026-05-16 12:05:18,bagdrop_seguridad_embarque,56.5
2026-05-16 11:24:24,2026-05-16 12:05:18,directo_seguridad_pasaportes_embarque,41.5
2026-05-16 11:24:24,2026-05-16 12:05:18,directo_seguridad_embarque,39.5
2026-05-16 11:24:27,2026-05-16 12:06:18,checkin_seguridad_pasaportes_embarque,75.29
2026-05-16 11:24:27,2026-05-16 12:06:18,checkin_seguridad_embarque,73.29
2026-05-16 11:24:27,2026-05-16 12:06:18,bagdrop_seguridad_pasaportes_embarque,61.75
2026-05-16 11:24:27,2026-05-16 12:06:18,bagdrop_seguridad_embarque,59.75
2026-05-16 11:24:27,2026-05-16 12:06:18,directo_seguridad_pasaportes_embarque,43.5
2026-05-16 11:24:27,2026-05-16 12:06:18,directo_seguridad_embarque,41.5
2026-05-16 11:24:30,2026-05-16 12:07:18,checkin_seguridad_pasaportes_embarque,79.04
2026-05-16 11:24:30,2026-05-16 12:07:18,checkin_seguridad_embarque,77.04
2026-05-16 11:24:30,2026-05-16 12:07:18,bagdrop_seguridad_pasaportes_embarque,65.25
2026-05-16 11:24:30,2026-05-16 12:07:18,bagdrop_seguridad_embarque,63.25
2026-05-16 11:24:30,2026-05-16 12:07:18,directo_seguridad_pasaportes_embarque,45.5
2026-05-16 11:24:30,2026-05-16 12:07:18,directo_seguridad_embarque,43.5
2026-05-16 11:24:33,2026-05-16 12:08:18,checkin_seguridad_pasaportes_embarque,83.08
2026-05-16 11:24:33,2026-05-16 12:08:18,checkin_seguridad_embarque,81.08
2026-05-16 11:24:33,2026-05-16 12:08:18,bagdrop_seguridad_pasaportes_embarque,68.25
2026-05-16 11:24:33,2026-05-16 12:08:18,bagdrop_seguridad_embarque,66.25
2026-05-16 11:24:33,2026-05-16 12:08:18,directo_seguridad_pasaportes_embarque,47.5
2026-05-16 11:24:33,2026-05-16 12:08:18,directo_seguridad_embarque,45.5
2026-05-16 11:24:36,2026-05-16 12:09:18,checkin_seguridad_pasaportes_embarque,87.71
2026-05-16 11:24:36,2026-05-16 12:09:18,checkin_seguridad_embarque,85.71
2026-05-16 11:24:36,2026-05-16 12:09:18,bagdrop_seguridad_pasaportes_embarque,71.75
2026-05-16 11:24:36,2026-05-16 12:09:18,bagdrop_seguridad_embarque,69.75
2026-05-16 11:24:36,2026-05-16 12:09:18,directo_seguridad_pasaportes_embarque,49.5
2026-05-16 11:24:36,2026-05-16 12:09:18,directo_seguridad_embarque,47.5
2026-05-16 11:24:39,2026-05-16 12:10:18,checkin_seguridad_pasaportes_embarque,90.77
2026-05-16 11:24:39,2026-05-16 12:10:18,checkin_seguridad_embarque,88.77
2026-05-16 11:24:39,2026-05-16 12:10:18,bagdrop_seguridad_pasaportes_embarque,74.1
2026-05-16 11:24:39,2026-05-16 12:10:18,bagdrop_seguridad_embarque,72.1
2026-05-16 11:24:39,2026-05-16 12:10:18,directo_seguridad_pasaportes_embarque,51.1
2026-05-16 11:24:39,2026-05-16 12:10:18,directo_seguridad_embarque,49.1
